url,status,title,titleLen,desc,descLen,canonical,robots,ogTitle,ogImage,h1Count,h1
https://www.rentatexhibit.com/,200,Luxury Apartments in River North Chicago | Exhibit On Superior,62,"Luxury apartments in River North Chicago — studio, convertible, 1, 2 &amp; 3-bedroom homes with skyline views, resort amenities, and on-site retail and dining.",159,https://www.rentatexhibit.com/,"index, follow, max-image-preview:large",yes,yes,1,Luxury Apartments
https://www.rentatexhibit.com/available-units,200,"Available Apartments, Live Pricing | Exhibit On Superior Chicago",64,"Browse available apartments at Exhibit On Superior in River North Chicago — live pricing, photos, and move-in dates for studio to 3 bedroom residences.",151,https://www.rentatexhibit.com/available-units,"index, follow, max-image-preview:large",yes,yes,1,Available Units
https://www.rentatexhibit.com/floor-plans,200,"Floor Plan Layouts, Studio to 3 Bedroom | Exhibit On Superior",61,"Every distinct floor-plan layout at Exhibit On Superior in River North Chicago — plan sheets, square footage, floor ranges, balconies, and live availability.",157,https://www.rentatexhibit.com/floor-plans,"index, follow, max-image-preview:large",yes,yes,1,Every Floor Plan Layout in the Tower
https://www.rentatexhibit.com/photo-gallery,200,Photo Gallery | Exhibit On Superior Chicago Apartments,54,"View apartment, amenity, skyline, and community photos of Exhibit On Superior, a luxury high-rise at 165 W Superior St in Chicago&#39;s River North neighborhood",161,https://www.rentatexhibit.com/photo-gallery,"index, follow, max-image-preview:large",yes,yes,1,Of City Living
https://www.rentatexhibit.com/virtual-tour,200,Virtual Tours | Exhibit On Superior Apartments Chicago,54,Take a virtual tour of Exhibit On Superior apartments and amenities in River North Chicago with video walkthroughs and an interactive Matterport 3D tour.,153,https://www.rentatexhibit.com/virtual-tour,"index, follow, max-image-preview:large",yes,yes,1,Here
https://www.rentatexhibit.com/amenities,200,Amenities | Exhibit On Superior River North Apartments,54,"Explore Exhibit On Superior amenities, including a full-floor amenity deck, fitness center, pool, lounges, work areas, dog spa, and on-site lifestyle retail.",157,https://www.rentatexhibit.com/amenities,"index, follow, max-image-preview:large",yes,yes,1,Your Urban Playground
https://www.rentatexhibit.com/pet-friendly,200,Pet-Friendly Apartments in River North | Exhibit On Superior,60,"Pet-friendly apartments in River North Chicago at Exhibit On Superior — cats and dogs welcome, dog spa, outdoor walk, no weight limits, no monthly pet rent.",156,https://www.rentatexhibit.com/pet-friendly,"index, follow, max-image-preview:large",yes,yes,1,Say Hello to Pet-Friendly Living In Chicago
https://www.rentatexhibit.com/neighborhood,200,River North Neighborhood | Exhibit On Superior Chicago,54,"Explore the River North location around Exhibit On Superior, close to dining, cafes, shopping, parks, the Chicago River, West Loop, Old Town, and Fulton Market.",160,https://www.rentatexhibit.com/neighborhood,"index, follow, max-image-preview:large",yes,yes,1,The Best of River North
https://www.rentatexhibit.com/apartment-guide,200,"Apartment Guide: Layouts, Finishes &amp; Views | Exhibit On Superior",68,"A complete guide to Exhibit On Superior apartments — studio, convertible, 1, 2 &amp; 3 bedroom layouts, finishes, in-home laundry, balconies, and skyline views.",160,https://www.rentatexhibit.com/apartment-guide,"index, follow, max-image-preview:large",yes,yes,1,The Exhibit Apartment Guide
https://www.rentatexhibit.com/fees,200,"Fees, Utilities &amp; Leasing Costs | Exhibit On Superior Chicago",65,"What it costs to lease at Exhibit On Superior in River North Chicago — application fees, the monthly utility bundle, plus parking, storage, and other charges.",158,https://www.rentatexhibit.com/fees,"index, follow, max-image-preview:large",yes,yes,1,Fees &amp; Leasing Costs
https://www.rentatexhibit.com/parking-transportation,200,Parking &amp; Transportation | Exhibit On Superior River North,62,"Getting around from Exhibit On Superior at 165 W Superior St — CTA Brown, Purple &amp; Red Lines, bus routes, highway access, and on-site parking for residents.",160,https://www.rentatexhibit.com/parking-transportation,"index, follow, max-image-preview:large",yes,yes,1,Parking &amp; Transportation
https://www.rentatexhibit.com/application-guide,200,Application &amp; Qualification Guide | Exhibit On Superior,59,"How to apply for an apartment at Exhibit On Superior — the online application process, what to have ready, plus screening, guarantor, and lease-term details.",157,https://www.rentatexhibit.com/application-guide,"index, follow, max-image-preview:large",yes,yes,1,Application &amp; Qualification Guide
https://www.rentatexhibit.com/faq,200,Frequently Asked Questions | Exhibit On Superior Chicago,56,"Answers to common questions about Exhibit On Superior in River North Chicago — pricing and fees, amenities, pets, the neighborhood, touring, and applying.",154,https://www.rentatexhibit.com/faq,"index, follow, max-image-preview:large",yes,yes,1,Frequently Asked Questions
https://www.rentatexhibit.com/knowledge,200,Knowledge Center: Renter Questions Answered | Exhibit On Superior,65,"Find answers to every leasing question about Exhibit On Superior — apartments, fees, pets, parking, utilities, and the River North Chicago neighborhood.",152,https://www.rentatexhibit.com/knowledge,"index, follow, max-image-preview:large",yes,yes,1,"Every Question, Answered With Facts"
https://www.rentatexhibit.com/contact-us,200,Contact Exhibit On Superior | River North Chicago Apartments,60,"Contact Exhibit On Superior in Chicago&#39;s River North neighborhood — email exhibit@highlandptrs.com, call 312-450-0635, or send a message with the online for",162,https://www.rentatexhibit.com/contact-us,"index, follow, max-image-preview:large",yes,yes,1,With Exhibit On Superior
https://www.rentatexhibit.com/map-directions,200,Map &amp; Directions | Exhibit On Superior River North Chicago,62,"Get map and direction information for Exhibit On Superior at 165 W Superior St in Chicago&#39;s River North, including transit, driving, and parking options.",157,https://www.rentatexhibit.com/map-directions,"index, follow, max-image-preview:large",yes,yes,1,To Exhibit On Superior
https://www.rentatexhibit.com/residents,200,Resident Portal &amp; Resources | Exhibit On Superior Chicago,61,"Resident resource page for Exhibit On Superior in River North Chicago with online portal access, rent payments, maintenance requests, and contact information.",158,https://www.rentatexhibit.com/residents,"index, follow, max-image-preview:large",yes,yes,1,Made Simple
https://www.rentatexhibit.com/schedule-a-tour,200,Schedule a Tour | Exhibit On Superior River North Chicago,57,"Schedule a tour of Exhibit On Superior in River North Chicago — send a tour request to the leasing team, or book a specific apartment from Available Units.",155,https://www.rentatexhibit.com/schedule-a-tour,"index, follow, max-image-preview:large",yes,yes,1,Around
https://www.rentatexhibit.com/about,200,About Exhibit On Superior | River North Chicago Apartments,58,"The story of Exhibit On Superior — a 34-story, 298-residence luxury tower at 165 W Superior St in River North Chicago with a full-time on-site management team.",159,https://www.rentatexhibit.com/about,"index, follow, max-image-preview:large",yes,yes,1,Exhibit On Superior
https://www.rentatexhibit.com/reviews,200,Resident Reviews | Exhibit On Superior River North Chicago,58,"Read verified resident reviews for Exhibit On Superior in River North Chicago and see why renters love our luxury apartments, amenities, and skyline views.",155,https://www.rentatexhibit.com/reviews,"index, follow, max-image-preview:large",yes,yes,1,Reviews
https://www.rentatexhibit.com/privacy-policy,200,Privacy Policy | Exhibit On Superior,36,"Read the privacy policy for Exhibit On Superior in River North Chicago, covering how we collect, use, and protect your information.",131,https://www.rentatexhibit.com/privacy-policy,"index, follow, max-image-preview:large",yes,yes,1,Privacy Policy
https://www.rentatexhibit.com/available-units/0208,200,Apartment 0208 | 2-bedroom | Exhibit On Superior Chicago,56,"Apartment 0208 at Exhibit On Superior is a 2-bedroom, 2-bath, 1,003 sq ft apartment on floor 2, available from September 9, 2026 at $4,222 per month.",149,https://www.rentatexhibit.com/available-units/0208,"index, follow, max-image-preview:large",yes,yes,1,Apartment 0208 — floor 2
https://www.rentatexhibit.com/available-units/0610,200,Apartment 0610 | Convertible | Exhibit On Superior Chicago,58,"Apartment 0610 at Exhibit On Superior is a convertible, 1-bath, 478 sq ft apartment on floor 6, available from October 1, 2026 at $2,271 per month.",147,https://www.rentatexhibit.com/available-units/0610,"index, follow, max-image-preview:large",yes,yes,1,Apartment 0610 — floor 6
https://www.rentatexhibit.com/available-units/0807,200,Apartment 0807 | 1-bedroom | Exhibit On Superior Chicago,56,"Apartment 0807 at Exhibit On Superior is a 1-bedroom, 1-bath, 665 sq ft apartment on floor 8, available from August 1, 2026 at $2,873 per month.",144,https://www.rentatexhibit.com/available-units/0807,"index, follow, max-image-preview:large",yes,yes,1,Apartment 0807 — floor 8
https://www.rentatexhibit.com/available-units/1001,200,Apartment 1001 | 2-bedroom | Exhibit On Superior Chicago,56,"Apartment 1001 at Exhibit On Superior is a 2-bedroom, 2-bath, 899 sq ft apartment on floor 10, available from October 1, 2026 at $4,281 per month.",146,https://www.rentatexhibit.com/available-units/1001,"index, follow, max-image-preview:large",yes,yes,1,Apartment 1001 — floor 10
https://www.rentatexhibit.com/available-units/1301,200,Apartment 1301 | 2-bedroom | Exhibit On Superior Chicago,56,"Apartment 1301 at Exhibit On Superior is a 2-bedroom, 2-bath, 899 sq ft apartment on floor 13, available from September 1, 2026 at $4,142 per month.",148,https://www.rentatexhibit.com/available-units/1301,"index, follow, max-image-preview:large",yes,yes,1,Apartment 1301 — floor 13
https://www.rentatexhibit.com/available-units/1510,200,Apartment 1510 | Convertible | Exhibit On Superior Chicago,58,"Apartment 1510 at Exhibit On Superior is a convertible, 1-bath, 478 sq ft apartment on floor 15, available from September 23, 2026 at $2,350 per month.",151,https://www.rentatexhibit.com/available-units/1510,"index, follow, max-image-preview:large",yes,yes,1,Apartment 1510 — floor 15
https://www.rentatexhibit.com/available-units/1808,200,Apartment 1808 | 1-bedroom | Exhibit On Superior Chicago,56,"Apartment 1808 at Exhibit On Superior is a 1-bedroom, 1-bath, 645 sq ft apartment on floor 18, available from September 17, 2026 at $2,815 per month.",149,https://www.rentatexhibit.com/available-units/1808,"index, follow, max-image-preview:large",yes,yes,1,Apartment 1808 — floor 18
https://www.rentatexhibit.com/available-units/2102,200,Apartment 2102 | Convertible | Exhibit On Superior Chicago,58,"Apartment 2102 at Exhibit On Superior is a convertible, 1-bath, 554 sq ft apartment on floor 21, available from October 8, 2026 at $2,382 per month.",148,https://www.rentatexhibit.com/available-units/2102,"index, follow, max-image-preview:large",yes,yes,1,Apartment 2102 — floor 21
https://www.rentatexhibit.com/available-units/2407,200,Apartment 2407 | 1-bedroom | Exhibit On Superior Chicago,56,"Apartment 2407 at Exhibit On Superior is a 1-bedroom, 1-bath, 672 sq ft apartment on floor 24, available from September 3, 2026 at $2,873 per month.",148,https://www.rentatexhibit.com/available-units/2407,"index, follow, max-image-preview:large",yes,yes,1,Apartment 2407 — floor 24
https://www.rentatexhibit.com/available-units/2801,200,Apartment 2801 | 2-bedroom | Exhibit On Superior Chicago,56,"Apartment 2801 at Exhibit On Superior is a 2-bedroom, 2-bath, 899 sq ft apartment on floor 28, available from September 1, 2026 at $4,292 per month.",148,https://www.rentatexhibit.com/available-units/2801,"index, follow, max-image-preview:large",yes,yes,1,Apartment 2801 — floor 28
https://www.rentatexhibit.com/available-units/3108,200,Apartment 3108 | Convertible | Exhibit On Superior Chicago,58,"Apartment 3108 at Exhibit On Superior is a convertible, 1-bath, 478 sq ft apartment on floor 31, available from October 8, 2026 at $2,495 per month.",148,https://www.rentatexhibit.com/available-units/3108,"index, follow, max-image-preview:large",yes,yes,1,Apartment 3108 — floor 31
https://www.rentatexhibit.com/knowledge/how-much-is-rent,200,How much is rent at Exhibit On Superior?,40,"Rent at Exhibit On Superior depends on the floor plan, floor, and move-in date, so there is no single number. Live pricing for every currently available…",153,https://www.rentatexhibit.com/knowledge/how-much-is-rent,"index, follow, max-image-preview:large",yes,yes,1,How much is rent at Exhibit On Superior?
https://www.rentatexhibit.com/knowledge/what-fees-in-addition-to-rent,200,What fees does Exhibit On Superior charge in addition to rent?,62,"Beyond monthly rent, Exhibit On Superior charges a $60 application fee per applicant, a $500 non-refundable administration fee per apartment, and a monthly…",156,https://www.rentatexhibit.com/knowledge/what-fees-in-addition-to-rent,"index, follow, max-image-preview:large",yes,yes,1,What fees does Exhibit On Superior charge in addition to rent?
https://www.rentatexhibit.com/knowledge/is-there-a-security-deposit,200,Is there a security deposit at Exhibit On Superior?,51,No. Exhibit On Superior does not currently collect a security deposit. In place of a deposit there is a $500 non-refundable administration fee per…,147,https://www.rentatexhibit.com/knowledge/is-there-a-security-deposit,"index, follow, max-image-preview:large",yes,yes,1,Is there a security deposit at Exhibit On Superior?
https://www.rentatexhibit.com/knowledge/application-fee,200,How much is the application fee at Exhibit On Superior?,55,"The application fee at Exhibit On Superior is $60 per applicant. Each available residence links to its own secure online application, and the fee is shown…",155,https://www.rentatexhibit.com/knowledge/application-fee,"index, follow, max-image-preview:large",yes,yes,1,How much is the application fee at Exhibit On Superior?
https://www.rentatexhibit.com/knowledge/administration-fee,200,What is the administration fee at Exhibit On Superior?,54,"Exhibit On Superior charges a $500 non-refundable administration fee per apartment. The fee is fully refunded if your application is denied, but it is…",151,https://www.rentatexhibit.com/knowledge/administration-fee,"index, follow, max-image-preview:large",yes,yes,1,What is the administration fee at Exhibit On Superior?
https://www.rentatexhibit.com/knowledge/move-in-specials,200,Does Exhibit On Superior offer move-in specials?,48,"Exhibit On Superior is not offering move-in concessions at this time. Current pricing for every available apartment appears on the Available Units page,…",153,https://www.rentatexhibit.com/knowledge/move-in-specials,"index, follow, max-image-preview:large",yes,yes,1,Does Exhibit On Superior offer move-in specials?
https://www.rentatexhibit.com/knowledge/how-much-is-storage,200,How much does storage cost at Exhibit On Superior?,50,"On-site storage at Exhibit On Superior costs $25 per month, subject to availability. Storage is optional and billed in addition to rent, parking, and the…",154,https://www.rentatexhibit.com/knowledge/how-much-is-storage,"index, follow, max-image-preview:large",yes,yes,1,How much does storage cost at Exhibit On Superior?
https://www.rentatexhibit.com/knowledge/total-move-in-cost,200,What are the total move-in costs at Exhibit On Superior?,56,"To move in to Exhibit On Superior, budget for a $60 application fee per applicant, a $500 non-refundable administration fee per apartment, your first month…",156,https://www.rentatexhibit.com/knowledge/total-move-in-cost,"index, follow, max-image-preview:large",yes,yes,1,What are the total move-in costs at Exhibit On Superior?
https://www.rentatexhibit.com/knowledge/what-apartment-sizes,200,What apartment sizes does Exhibit On Superior offer?,52,"Exhibit On Superior offers studio, convertible, one-, two-, and three-bedroom apartments ranging from about 448 to 1,528 square feet across floors 2 through…",157,https://www.rentatexhibit.com/knowledge/what-apartment-sizes,"index, follow, max-image-preview:large",yes,yes,1,What apartment sizes does Exhibit On Superior offer?
https://www.rentatexhibit.com/knowledge/do-studios-exist,200,Does Exhibit On Superior have studio apartments?,48,"Yes. Exhibit On Superior offers studio apartments alongside convertible, one-, two-, and three-bedroom homes. Studios are among the smaller plans, near 484…",156,https://www.rentatexhibit.com/knowledge/do-studios-exist,"index, follow, max-image-preview:large",yes,yes,1,Does Exhibit On Superior have studio apartments?
https://www.rentatexhibit.com/knowledge/what-is-a-convertible,200,What is a convertible apartment at Exhibit On Superior?,55,"A convertible at Exhibit On Superior is an open floor plan larger than a studio but without a separate bedroom, with space that can be arranged as a…",149,https://www.rentatexhibit.com/knowledge/what-is-a-convertible,"index, follow, max-image-preview:large",yes,yes,1,What is a convertible apartment at Exhibit On Superior?
https://www.rentatexhibit.com/knowledge/largest-apartment,200,What is the largest apartment at Exhibit On Superior?,53,"The largest apartment at Exhibit On Superior is a three-bedroom, three-bath residence of 1,528 square feet, offered on the penthouse-level floors 30 through…",157,https://www.rentatexhibit.com/knowledge/largest-apartment,"index, follow, max-image-preview:large",yes,yes,1,What is the largest apartment at Exhibit On Superior?
https://www.rentatexhibit.com/knowledge/which-units-have-balconies,200,Which apartments at Exhibit On Superior have balconies?,55,Nearly every apartment at Exhibit On Superior has a private balcony. The only homes without balconies are the 02 Convertible and 03 Convertible plans —…,152,https://www.rentatexhibit.com/knowledge/which-units-have-balconies,"index, follow, max-image-preview:large",yes,yes,1,Which apartments at Exhibit On Superior have balconies?
https://www.rentatexhibit.com/knowledge/are-apartments-furnished,200,Are apartments at Exhibit On Superior furnished?,48,"No. Apartments at Exhibit On Superior are offered unfurnished only. Each home does include an in-home washer/dryer, quartz countertops, stainless-steel…",152,https://www.rentatexhibit.com/knowledge/are-apartments-furnished,"index, follow, max-image-preview:large",yes,yes,1,Are apartments at Exhibit On Superior furnished?
https://www.rentatexhibit.com/knowledge/in-unit-laundry,200,Do apartments at Exhibit On Superior have in-unit laundry?,58,"Yes. In-home washer/dryers are a standard feature in every apartment at Exhibit On Superior. The dryer runs on natural gas, which is covered by the monthly…",156,https://www.rentatexhibit.com/knowledge/in-unit-laundry,"index, follow, max-image-preview:large",yes,yes,1,Do apartments at Exhibit On Superior have in-unit laundry?
https://www.rentatexhibit.com/knowledge/apartment-finishes,200,What finishes do apartments at Exhibit On Superior have?,56,"Apartments at Exhibit On Superior feature driftwood plank floors, quartz countertops, tiled backsplashes, stainless-steel appliances, in-home washer/dryers,…",157,https://www.rentatexhibit.com/knowledge/apartment-finishes,"index, follow, max-image-preview:large",yes,yes,1,What finishes do apartments at Exhibit On Superior have?
https://www.rentatexhibit.com/knowledge/views-and-windows,200,What views do apartments at Exhibit On Superior have?,53,"Apartments at Exhibit On Superior feature floor-to-ceiling windows with panoramic Chicago skyline views. Because the tower rises 34 stories, outlooks vary…",155,https://www.rentatexhibit.com/knowledge/views-and-windows,"index, follow, max-image-preview:large",yes,yes,1,What views do apartments at Exhibit On Superior have?
https://www.rentatexhibit.com/knowledge/ada-accessible-apartments,200,Does Exhibit On Superior have ADA-accessible apartments?,56,"Yes. Per the as-built accessibility matrix, 62 apartments at Exhibit On Superior — more than 20% of the homes — carry an ADA designation: 34 Type A…",148,https://www.rentatexhibit.com/knowledge/ada-accessible-apartments,"index, follow, max-image-preview:large",yes,yes,1,Does Exhibit On Superior have ADA-accessible apartments?
https://www.rentatexhibit.com/knowledge/full-amenity-list,200,What amenities does Exhibit On Superior offer?,46,"Exhibit On Superior has a full-floor amenity deck with a 75-foot lap pool, outdoor hot tub, sauna, and a fitness center with two private training rooms,…",153,https://www.rentatexhibit.com/knowledge/full-amenity-list,"index, follow, max-image-preview:large",yes,yes,1,What amenities does Exhibit On Superior offer?
https://www.rentatexhibit.com/knowledge/is-there-a-pool,200,Does Exhibit On Superior have a pool?,37,"Yes. Exhibit On Superior has a 75-foot lap pool on the amenity floor, plus an outdoor hot tub and a sauna with a wet lounge leading to the outdoor deck. The…",157,https://www.rentatexhibit.com/knowledge/is-there-a-pool,"index, follow, max-image-preview:large",yes,yes,1,Does Exhibit On Superior have a pool?
https://www.rentatexhibit.com/knowledge/amenity-hours,200,What are the amenity hours at Exhibit On Superior?,50,"Indoor amenities at Exhibit On Superior are open 24/7. Outdoor amenities close during quiet hours, 10pm to 6am. The pool and hot tub are seasonal — the pool…",157,https://www.rentatexhibit.com/knowledge/amenity-hours,"index, follow, max-image-preview:large",yes,yes,1,What are the amenity hours at Exhibit On Superior?
https://www.rentatexhibit.com/knowledge/fitness-center,200,Does Exhibit On Superior have a fitness center?,47,"Yes. The fitness center at Exhibit On Superior includes two private training rooms, cardio equipment, spin bikes, free weights, and a boxing simulator. It…",155,https://www.rentatexhibit.com/knowledge/fitness-center,"index, follow, max-image-preview:large",yes,yes,1,Does Exhibit On Superior have a fitness center?
https://www.rentatexhibit.com/knowledge/work-from-home-spaces,200,Does Exhibit On Superior have work-from-home spaces?,52,"Yes. Exhibit On Superior offers private work and meeting rooms, a tech lounge with charging stations and a kitchen, a library nook, and reading and charging…",157,https://www.rentatexhibit.com/knowledge/work-from-home-spaces,"index, follow, max-image-preview:large",yes,yes,1,Does Exhibit On Superior have work-from-home spaces?
https://www.rentatexhibit.com/knowledge/party-room-reservation,200,Can I reserve the party room at Exhibit On Superior?,52,Yes. The Party Room at Exhibit On Superior is reservable through the leasing and management office at $50 per hour. Residents may also bring up to 2 guests…,156,https://www.rentatexhibit.com/knowledge/party-room-reservation,"index, follow, max-image-preview:large",yes,yes,1,Can I reserve the party room at Exhibit On Superior?
https://www.rentatexhibit.com/knowledge/grills-and-fire-pits,200,Are there grills and fire pits at Exhibit On Superior?,54,"Yes. Exhibit On Superior has four grilling stations and four fire pits on the outdoor amenity deck, available year-round. Unlike the pool and hot tub, they…",156,https://www.rentatexhibit.com/knowledge/grills-and-fire-pits,"index, follow, max-image-preview:large",yes,yes,1,Are there grills and fire pits at Exhibit On Superior?
https://www.rentatexhibit.com/knowledge/private-park,200,Does Exhibit On Superior have a private park?,45,Yes. Exhibit On Superior has a private park featuring a one-of-a-kind sculpture by internationally acclaimed sculptor Pal Svensson. The full-floor amenity…,155,https://www.rentatexhibit.com/knowledge/private-park,"index, follow, max-image-preview:large",yes,yes,1,Does Exhibit On Superior have a private park?
https://www.rentatexhibit.com/knowledge/on-site-retail,200,What on-site retail does Exhibit On Superior have?,50,"On-site retail at Exhibit On Superior includes CycleBar, Club Pilates, Goddess and the Baker, LaPerior Foot Spa, and Train Moment. These fitness, coffee,…",154,https://www.rentatexhibit.com/knowledge/on-site-retail,"index, follow, max-image-preview:large",yes,yes,1,What on-site retail does Exhibit On Superior have?
https://www.rentatexhibit.com/knowledge/does-exhibit-allow-dogs,200,Does Exhibit On Superior allow dogs?,36,"Yes. Exhibit On Superior allows dogs, up to a maximum of 2 pets per apartment. There is a one-time non-refundable pet fee of $650 for one dog or $750 for…",154,https://www.rentatexhibit.com/knowledge/does-exhibit-allow-dogs,"index, follow, max-image-preview:large",yes,yes,1,Does Exhibit On Superior allow dogs?
https://www.rentatexhibit.com/knowledge/does-exhibit-allow-cats,200,Does Exhibit On Superior allow cats?,36,"Yes. Exhibit On Superior allows cats, up to a maximum of 2 pets per apartment (a two-cat maximum). There is a one-time non-refundable pet fee of $325 for…",154,https://www.rentatexhibit.com/knowledge/does-exhibit-allow-cats,"index, follow, max-image-preview:large",yes,yes,1,Does Exhibit On Superior allow cats?
https://www.rentatexhibit.com/knowledge/what-are-pet-fees,200,What are the pet fees at Exhibit On Superior?,45,"Exhibit On Superior charges a one-time, non-refundable pet fee: $650 for one dog or $750 for two dogs (two-dog maximum), and $325 for cats (two-cat…",148,https://www.rentatexhibit.com/knowledge/what-are-pet-fees,"index, follow, max-image-preview:large",yes,yes,1,What are the pet fees at Exhibit On Superior?
https://www.rentatexhibit.com/knowledge/breed-and-weight-rules,200,Does Exhibit On Superior have pet breed or weight restrictions?,63,"Exhibit On Superior has no weight limits for pets. Breed restrictions do apply for dogs, but the specific restricted-breed list is confirmed by the leasing…",156,https://www.rentatexhibit.com/knowledge/breed-and-weight-rules,"index, follow, max-image-preview:large",yes,yes,1,Does Exhibit On Superior have pet breed or weight restrictions?
https://www.rentatexhibit.com/knowledge/pet-amenities,200,What pet amenities does Exhibit On Superior have?,49,Exhibit On Superior has a doggie spa and lounge inside the building and a gated outdoor dog walk. These let residents wash and exercise their dogs on-site.…,156,https://www.rentatexhibit.com/knowledge/pet-amenities,"index, follow, max-image-preview:large",yes,yes,1,What pet amenities does Exhibit On Superior have?
https://www.rentatexhibit.com/knowledge/how-many-pets,200,How many pets can I have at Exhibit On Superior?,48,"Exhibit On Superior allows a maximum of 2 pets per apartment, whether cats, dogs, or a combination. All pets must be registered with management, and dog…",153,https://www.rentatexhibit.com/knowledge/how-many-pets,"index, follow, max-image-preview:large",yes,yes,1,How many pets can I have at Exhibit On Superior?
https://www.rentatexhibit.com/knowledge/how-much-does-parking-cost,200,How much does parking cost at Exhibit On Superior?,50,"Garage parking at Exhibit On Superior costs $335 per month for an unreserved space in the attached indoor multi-level garage, subject to availability. There…",157,https://www.rentatexhibit.com/knowledge/how-much-does-parking-cost,"index, follow, max-image-preview:large",yes,yes,1,How much does parking cost at Exhibit On Superior?
https://www.rentatexhibit.com/knowledge/is-there-ev-charging,200,Does Exhibit On Superior have EV charging?,42,"Yes. The attached indoor garage at Exhibit On Superior has three level-2 EV charging stations on the second garage level, each with two reserved EV parking…",156,https://www.rentatexhibit.com/knowledge/is-there-ev-charging,"index, follow, max-image-preview:large",yes,yes,1,Does Exhibit On Superior have EV charging?
https://www.rentatexhibit.com/knowledge/is-there-guest-parking,200,Does Exhibit On Superior have guest parking?,44,"The garage does not offer dedicated guest parking. Metered street parking is available on both sides of W Superior St directly in front of the building,…",153,https://www.rentatexhibit.com/knowledge/is-there-guest-parking,"index, follow, max-image-preview:large",yes,yes,1,Does Exhibit On Superior have guest parking?
https://www.rentatexhibit.com/knowledge/is-there-bike-storage,200,Does Exhibit On Superior have bike storage?,43,"Yes. Exhibit On Superior has complimentary bike storage on the ground floor, at no additional charge. It is a convenient option for residents who ride in…",154,https://www.rentatexhibit.com/knowledge/is-there-bike-storage,"index, follow, max-image-preview:large",yes,yes,1,Does Exhibit On Superior have bike storage?
https://www.rentatexhibit.com/knowledge/cta-proximity,200,How close is Exhibit On Superior to the CTA?,44,Exhibit On Superior is about two blocks from the CTA Chicago station on the Brown and Purple Lines (Chicago &amp; Franklin) and roughly 0.3 miles from the…,155,https://www.rentatexhibit.com/knowledge/cta-proximity,"index, follow, max-image-preview:large",yes,yes,1,How close is Exhibit On Superior to the CTA?
https://www.rentatexhibit.com/knowledge/car-free-living,200,Can you live at Exhibit On Superior without a car?,50,"Yes. Exhibit On Superior sits in River North with two CTA rail stations, several bus routes, and groceries like Whole Foods, Trader Joe’s, and Jewel-Osco…",154,https://www.rentatexhibit.com/knowledge/car-free-living,"index, follow, max-image-preview:large",yes,yes,1,Can you live at Exhibit On Superior without a car?
https://www.rentatexhibit.com/knowledge/highway-access,200,How do drivers reach the highways from Exhibit On Superior?,59,"From Exhibit On Superior, the Ohio Street feeder to the Kennedy Expressway (I-90/94) is about a mile southwest, and Lake Shore Drive (US-41) is reachable to…",157,https://www.rentatexhibit.com/knowledge/highway-access,"index, follow, max-image-preview:large",yes,yes,1,How do drivers reach the highways from Exhibit On Superior?
https://www.rentatexhibit.com/knowledge/walk-to-the-loop,200,Is Exhibit On Superior walkable to the Loop?,44,"Yes. The Loop is roughly a mile south of Exhibit On Superior — about a 20-minute walk, or one short ride on the Brown Line from the Chicago station toward…",155,https://www.rentatexhibit.com/knowledge/walk-to-the-loop,"index, follow, max-image-preview:large",yes,yes,1,Is Exhibit On Superior walkable to the Loop?
https://www.rentatexhibit.com/knowledge/how-do-i-apply,200,How do I apply for an apartment at Exhibit On Superior?,55,"To apply for an apartment at Exhibit On Superior, open any available residence on the Available Units page and use its Apply Now button. Each unit links to…",156,https://www.rentatexhibit.com/knowledge/how-do-i-apply,"index, follow, max-image-preview:large",yes,yes,1,How do I apply for an apartment at Exhibit On Superior?
https://www.rentatexhibit.com/knowledge/credit-score-required,200,What credit score do you need to rent at Exhibit On Superior?,61,"Exhibit On Superior requires a minimum credit score of 700 to qualify without a co-signer, or 600+ with a qualified co-signer. Qualified co-signers are…",152,https://www.rentatexhibit.com/knowledge/credit-score-required,"index, follow, max-image-preview:large",yes,yes,1,What credit score do you need to rent at Exhibit On Superior?
https://www.rentatexhibit.com/knowledge/co-signers-accepted,200,Does Exhibit On Superior accept co-signers?,43,"Yes. Exhibit On Superior accepts qualified co-signers. An applicant with a credit score of 600 or above can qualify with a qualified co-signer, versus a 700…",157,https://www.rentatexhibit.com/knowledge/co-signers-accepted,"index, follow, max-image-preview:large",yes,yes,1,Does Exhibit On Superior accept co-signers?
https://www.rentatexhibit.com/knowledge/approval-time,200,How long does apartment approval take at Exhibit On Superior?,61,Application approval at Exhibit On Superior typically takes one to three business days. Applications are submitted through each unit’s secure online form in…,157,https://www.rentatexhibit.com/knowledge/approval-time,"index, follow, max-image-preview:large",yes,yes,1,How long does apartment approval take at Exhibit On Superior?
https://www.rentatexhibit.com/knowledge/lease-terms,200,What lease terms does Exhibit On Superior offer?,48,Exhibit On Superior offers lease terms of 12 months or longer. Short-term leases are available based on availability. Because short-term terms and any…,151,https://www.rentatexhibit.com/knowledge/lease-terms,"index, follow, max-image-preview:large",yes,yes,1,What lease terms does Exhibit On Superior offer?
https://www.rentatexhibit.com/knowledge/occupancy-limits,200,What are the occupancy limits at Exhibit On Superior?,53,Occupancy at Exhibit On Superior follows the Chicago Building Code standard: 2 persons per sleeping room plus 1 additional occupant per apartment. A studio…,156,https://www.rentatexhibit.com/knowledge/occupancy-limits,"index, follow, max-image-preview:large",yes,yes,1,What are the occupancy limits at Exhibit On Superior?
https://www.rentatexhibit.com/knowledge/documents-needed,200,What documents do I need to apply at Exhibit On Superior?,57,"To apply at Exhibit On Superior, have a state or federal government-issued photo ID ready. Renters insurance with minimum liability-to-landlord (LLI)…",150,https://www.rentatexhibit.com/knowledge/documents-needed,"index, follow, max-image-preview:large",yes,yes,1,What documents do I need to apply at Exhibit On Superior?
https://www.rentatexhibit.com/knowledge/renters-insurance-required,200,Is renters insurance required at Exhibit On Superior?,53,"Yes. Exhibit On Superior requires renters insurance with minimum liability-to-landlord (LLI) coverage of $300,000. Have proof of coverage in place per your…",156,https://www.rentatexhibit.com/knowledge/renters-insurance-required,"index, follow, max-image-preview:large",yes,yes,1,Is renters insurance required at Exhibit On Superior?
https://www.rentatexhibit.com/knowledge/schedule-a-tour,200,How do I schedule a tour of Exhibit On Superior?,48,"To schedule a tour of Exhibit On Superior, use the tour request form on the Schedule a Tour page with your preferred move-in date and floor plan — you can…",155,https://www.rentatexhibit.com/knowledge/schedule-a-tour,"index, follow, max-image-preview:large",yes,yes,1,How do I schedule a tour of Exhibit On Superior?
https://www.rentatexhibit.com/knowledge/virtual-tours,200,Does Exhibit On Superior offer virtual tours?,45,"Yes. Exhibit On Superior offers virtual tours through the Virtual Tour page, which includes video and Matterport tour embeds of apartment homes and amenity…",156,https://www.rentatexhibit.com/knowledge/virtual-tours,"index, follow, max-image-preview:large",yes,yes,1,Does Exhibit On Superior offer virtual tours?
https://www.rentatexhibit.com/knowledge/how-is-electricity-billed,200,How is electricity billed at Exhibit On Superior?,49,"At Exhibit On Superior, electricity is billed to the resident directly by ComEd, separate from rent. Water, sewer, trash, heat, air conditioning, and…",150,https://www.rentatexhibit.com/knowledge/how-is-electricity-billed,"index, follow, max-image-preview:large",yes,yes,1,How is electricity billed at Exhibit On Superior?
https://www.rentatexhibit.com/knowledge/what-utility-fee-covers,200,What does the Utility &amp; Service fee cover? | Exhibit On Superior,68,"The monthly Utility &amp; Service Amenity fee at Exhibit On Superior covers water, sewer, trash, heat, air conditioning, and natural gas for cooking and the…",157,https://www.rentatexhibit.com/knowledge/what-utility-fee-covers,"index, follow, max-image-preview:large",yes,yes,1,What does the Utility &amp; Service fee cover?
https://www.rentatexhibit.com/knowledge/utility-fee-by-floor-plan,200,How much is the utility fee by floor plan? | Exhibit On Superior,64,"The monthly Utility &amp; Service Amenity fee at Exhibit On Superior is $95 for studios and junior convertibles, $105 for convertibles, $115 for one-bedrooms,…",159,https://www.rentatexhibit.com/knowledge/utility-fee-by-floor-plan,"index, follow, max-image-preview:large",yes,yes,1,How much is the utility fee by floor plan?
https://www.rentatexhibit.com/knowledge/what-neighborhood,200,What neighborhood is Exhibit On Superior in?,44,"Exhibit On Superior is in River North, at 165 W Superior St, Chicago, IL 60654. River North is a downtown Chicago neighborhood known for galleries, dining,…",156,https://www.rentatexhibit.com/knowledge/what-neighborhood,"index, follow, max-image-preview:large",yes,yes,1,What neighborhood is Exhibit On Superior in?
https://www.rentatexhibit.com/knowledge/neighborhood-groceries,200,What grocery stores are near Exhibit On Superior?,49,"Groceries near Exhibit On Superior include Whole Foods Market at 3 W Chicago Ave (about 0.3 miles), Jewel-Osco at 550 N State St (about 0.3 miles), Trader…",155,https://www.rentatexhibit.com/knowledge/neighborhood-groceries,"index, follow, max-image-preview:large",yes,yes,1,What grocery stores are near Exhibit On Superior?
https://www.rentatexhibit.com/knowledge/neighborhood-dog-parks,200,Are there dog parks near Exhibit On Superior?,45,"Yes. Ohio Place Dog Park at 360 W Ohio St is about 0.3 miles from Exhibit On Superior, and Larrabee Dog Park at 652 N Larrabee St is about 0.5 miles away.…",155,https://www.rentatexhibit.com/knowledge/neighborhood-dog-parks,"index, follow, max-image-preview:large",yes,yes,1,Are there dog parks near Exhibit On Superior?
https://www.rentatexhibit.com/knowledge/neighborhood-gyms,200,What gyms are near Exhibit On Superior?,39,"Exhibit On Superior has an on-site fitness center with two private training rooms, plus in-building fitness retail including CycleBar and Club Pilates.…",152,https://www.rentatexhibit.com/knowledge/neighborhood-gyms,"index, follow, max-image-preview:large",yes,yes,1,What gyms are near Exhibit On Superior?
https://www.rentatexhibit.com/knowledge/neighborhood-parks,200,What parks are near Exhibit On Superior?,40,Parks near Exhibit On Superior include Washington Square Park at 901 N Clark St (about 0.3 miles) and A. Montgomery Ward Park at 630 N Kingsbury St (about…,155,https://www.rentatexhibit.com/knowledge/neighborhood-parks,"index, follow, max-image-preview:large",yes,yes,1,What parks are near Exhibit On Superior?
https://www.rentatexhibit.com/knowledge/whats-near-superior-and-wells,200,What is near Superior and Wells in River North? | Exhibit On Superior,69,"Exhibit On Superior sits near Superior and Wells in River North’s gallery district, surrounded by art galleries, cafes, restaurants, and shops. The CTA…",152,https://www.rentatexhibit.com/knowledge/whats-near-superior-and-wells,"index, follow, max-image-preview:large",yes,yes,1,What is near Superior and Wells in River North?
https://www.rentatexhibit.com/knowledge/neighborhood-dining,200,What dining and nightlife are near Exhibit On Superior?,55,"Exhibit On Superior is in River North, known for its gallery district, chef-driven restaurants, rooftop cocktails, speakeasies, and live-music venues.…",151,https://www.rentatexhibit.com/knowledge/neighborhood-dining,"index, follow, max-image-preview:large",yes,yes,1,What dining and nightlife are near Exhibit On Superior?
https://www.rentatexhibit.com/knowledge/how-many-apartments,200,How many apartments does Exhibit On Superior have?,50,"Exhibit On Superior has 298 apartments across a 34-story tower at 165 W Superior St in River North. Homes range from studios to three-bedrooms, on floors 2…",156,https://www.rentatexhibit.com/knowledge/how-many-apartments,"index, follow, max-image-preview:large",yes,yes,1,How many apartments does Exhibit On Superior have?
https://www.rentatexhibit.com/knowledge/front-desk-hours,200,Is there a 24-hour front desk at Exhibit On Superior?,53,"Yes. The front desk at Exhibit On Superior is staffed 24 hours a day. Indoor amenities are also open 24/7, while outdoor amenities close during quiet hours,…",157,https://www.rentatexhibit.com/knowledge/front-desk-hours,"index, follow, max-image-preview:large",yes,yes,1,Is there a 24-hour front desk at Exhibit On Superior?
https://www.rentatexhibit.com/knowledge/who-manages-exhibit,200,How do I contact the management team at Exhibit On Superior?,60,"Exhibit On Superior is professionally managed by an on-site team. Contact the leasing office at exhibit@highlandptrs.com or 312-450-0635, or visit 165 W…",153,https://www.rentatexhibit.com/knowledge/who-manages-exhibit,"index, follow, max-image-preview:large",yes,yes,1,How do I contact the management team at Exhibit On Superior?
https://www.rentatexhibit.com/knowledge/leasing-office-hours,200,What are the leasing office hours at Exhibit On Superior?,57,"The leasing office at Exhibit On Superior is open Monday through Friday 9am–6pm and Saturday 10am–5pm; it is closed on Sunday. You can tour, apply, or ask…",155,https://www.rentatexhibit.com/knowledge/leasing-office-hours,"index, follow, max-image-preview:large",yes,yes,1,What are the leasing office hours at Exhibit On Superior?
https://www.rentatexhibit.com/knowledge/building-address,200,What is the address of Exhibit On Superior?,43,"Exhibit On Superior is located at 165 W Superior St, Chicago, IL 60654, in the River North neighborhood. You can reach the leasing team at…",139,https://www.rentatexhibit.com/knowledge/building-address,"index, follow, max-image-preview:large",yes,yes,1,What is the address of Exhibit On Superior?
https://www.rentatexhibit.com/knowledge/resident-portal,200,How do Exhibit On Superior residents pay rent and get repairs?,62,"Residents at Exhibit On Superior pay rent, submit maintenance requests, and view community updates through the online resident portal, accessed from the…",153,https://www.rentatexhibit.com/knowledge/resident-portal,"index, follow, max-image-preview:large",yes,yes,1,How do Exhibit On Superior residents pay rent and get repairs?
https://www.rentatexhibit.com/knowledge/reviews-sources,200,Where can I read reviews of Exhibit On Superior?,48,"Reviews of Exhibit On Superior come from current, verifiable sources such as the Google Business Profile, linked from the Reviews page. For questions the…",154,https://www.rentatexhibit.com/knowledge/reviews-sources,"index, follow, max-image-preview:large",yes,yes,1,Where can I read reviews of Exhibit On Superior?
https://www.rentatexhibit.com/knowledge/accessibility-contact,200,Who do I contact about accessibility at Exhibit On Superior?,60,"For accessibility questions at Exhibit On Superior — including ADA-designated apartments, accessible unit features, or reasonable accommodation requests —…",155,https://www.rentatexhibit.com/knowledge/accessibility-contact,"index, follow, max-image-preview:large",yes,yes,1,Who do I contact about accessibility at Exhibit On Superior?
https://www.rentatexhibit.com/knowledge/smoking-policy,200,Is Exhibit On Superior a smoke-free building?,45,"Yes. Exhibit On Superior is a completely smoke-free property. The policy covers all residential units, indoor and outdoor amenity spaces, and common areas…",155,https://www.rentatexhibit.com/knowledge/smoking-policy,"index, follow, max-image-preview:large",yes,yes,1,Is Exhibit On Superior a smoke-free building?
https://www.rentatexhibit.com/floor-plans/two-bedroom-one-bath-821-sf,200,"2 Bed / 1 Bath Floor Plan, 821 Sq Ft | Exhibit On Superior",58,"2 Bed / 1 Bath floor plan at Exhibit On Superior: 821 sq ft on floor 2, with private balcony. River North, Chicago.",115,https://www.rentatexhibit.com/floor-plans/two-bedroom-one-bath-821-sf,"index, follow, max-image-preview:large",yes,yes,1,2 Bed / 1 Bath — 821 Sq Ft
https://www.rentatexhibit.com/floor-plans/one-bedroom-one-bath-619-sf,200,"1 Bed / 1 Bath Floor Plan, 619 Sq Ft | Exhibit On Superior",58,"1 Bed / 1 Bath floor plan at Exhibit On Superior: 619 sq ft on floor 2, with private balcony. River North, Chicago.",115,https://www.rentatexhibit.com/floor-plans/one-bedroom-one-bath-619-sf,"index, follow, max-image-preview:large",yes,yes,1,1 Bed / 1 Bath — 619 Sq Ft
https://www.rentatexhibit.com/floor-plans/one-bedroom-one-bath-630-sf,200,"1 Bed / 1 Bath Floor Plan, 630 Sq Ft | Exhibit On Superior",58,"1 Bed / 1 Bath floor plan at Exhibit On Superior: 630 sq ft on floor 2, with private balcony. River North, Chicago.",115,https://www.rentatexhibit.com/floor-plans/one-bedroom-one-bath-630-sf,"index, follow, max-image-preview:large",yes,yes,1,1 Bed / 1 Bath — 630 Sq Ft
https://www.rentatexhibit.com/floor-plans/two-bedroom-two-bath-1003-sf,200,"2 Bed / 2 Bath Floor Plan, 1,003 Sq Ft | Exhibit On Superior",60,"2 Bed / 2 Bath floor plan at Exhibit On Superior: 1,003 sq ft on floor 2, with private balcony. River North, Chicago.",117,https://www.rentatexhibit.com/floor-plans/two-bedroom-two-bath-1003-sf,"index, follow, max-image-preview:large",yes,yes,1,"2 Bed / 2 Bath — 1,003 Sq Ft"
https://www.rentatexhibit.com/floor-plans/two-bedroom-two-bath-929-sf,200,"2 Bed / 2 Bath Floor Plan, 929 Sq Ft | Exhibit On Superior",58,"2 Bed / 2 Bath floor plan at Exhibit On Superior: 929 sq ft on floor 2, with private balcony. River North, Chicago.",115,https://www.rentatexhibit.com/floor-plans/two-bedroom-two-bath-929-sf,"index, follow, max-image-preview:large",yes,yes,1,2 Bed / 2 Bath — 929 Sq Ft
https://www.rentatexhibit.com/floor-plans/two-bedroom-two-bath-935-sf,200,"2 Bed / 2 Bath Floor Plan, 935 Sq Ft | Exhibit On Superior",58,"2 Bed / 2 Bath floor plan at Exhibit On Superior: 935 sq ft on floor 2, with private balcony. River North, Chicago.",115,https://www.rentatexhibit.com/floor-plans/two-bedroom-two-bath-935-sf,"index, follow, max-image-preview:large",yes,yes,1,2 Bed / 2 Bath — 935 Sq Ft
https://www.rentatexhibit.com/floor-plans/two-bedroom-two-bath-1135-sf,200,"2 Bed / 2 Bath Floor Plan, 1,135 Sq Ft | Exhibit On Superior",60,"2 Bed / 2 Bath floor plan at Exhibit On Superior: 1,135 sq ft on floor 3, with private balcony. River North, Chicago.",117,https://www.rentatexhibit.com/floor-plans/two-bedroom-two-bath-1135-sf,"index, follow, max-image-preview:large",yes,yes,1,"2 Bed / 2 Bath — 1,135 Sq Ft"
https://www.rentatexhibit.com/floor-plans/studio-448-sf,200,"Studio Floor Plan, 448 Sq Ft | Exhibit On Superior",50,"Studio floor plan at Exhibit On Superior: 448 sq ft on floor 3, with private balcony. River North, Chicago.",107,https://www.rentatexhibit.com/floor-plans/studio-448-sf,"index, follow, max-image-preview:large",yes,yes,1,Studio — 448 Sq Ft
https://www.rentatexhibit.com/floor-plans/one-bedroom-one-bath-656-sf,200,"1 Bed / 1 Bath Floor Plan, 656 Sq Ft | Exhibit On Superior",58,"1 Bed / 1 Bath floor plan at Exhibit On Superior: 656 sq ft on floors 3–4M, with private balcony. River North, Chicago.",119,https://www.rentatexhibit.com/floor-plans/one-bedroom-one-bath-656-sf,"index, follow, max-image-preview:large",yes,yes,1,1 Bed / 1 Bath — 656 Sq Ft
https://www.rentatexhibit.com/floor-plans/two-bedroom-two-bath-1079-sf,200,"2 Bed / 2 Bath Floor Plan, 1,079 Sq Ft | Exhibit On Superior",60,"2 Bed / 2 Bath floor plan at Exhibit On Superior: 1,079 sq ft on floor 3, with private balcony. River North, Chicago.",117,https://www.rentatexhibit.com/floor-plans/two-bedroom-two-bath-1079-sf,"index, follow, max-image-preview:large",yes,yes,1,"2 Bed / 2 Bath — 1,079 Sq Ft"
https://www.rentatexhibit.com/floor-plans/one-bedroom-one-bath-768-sf,200,"1 Bed / 1 Bath Floor Plan, 768 Sq Ft | Exhibit On Superior",58,"1 Bed / 1 Bath floor plan at Exhibit On Superior: 768 sq ft on floors 4–4M, with private balcony. River North, Chicago.",119,https://www.rentatexhibit.com/floor-plans/one-bedroom-one-bath-768-sf,"index, follow, max-image-preview:large",yes,yes,1,1 Bed / 1 Bath — 768 Sq Ft
https://www.rentatexhibit.com/floor-plans/one-bedroom-one-bath-628-sf,200,"1 Bed / 1 Bath Floor Plan, 628 Sq Ft | Exhibit On Superior",58,"1 Bed / 1 Bath floor plan at Exhibit On Superior: 628 sq ft on floors 4–4M, with private balcony. River North, Chicago.",119,https://www.rentatexhibit.com/floor-plans/one-bedroom-one-bath-628-sf,"index, follow, max-image-preview:large",yes,yes,1,1 Bed / 1 Bath — 628 Sq Ft
https://www.rentatexhibit.com/floor-plans/two-bedroom-two-bath-1026-sf,200,"2 Bed / 2 Bath Floor Plan, 1,026 Sq Ft | Exhibit On Superior",60,"2 Bed / 2 Bath floor plan at Exhibit On Superior: 1,026 sq ft on floor 4, with private balcony. River North, Chicago.",117,https://www.rentatexhibit.com/floor-plans/two-bedroom-two-bath-1026-sf,"index, follow, max-image-preview:large",yes,yes,1,"2 Bed / 2 Bath — 1,026 Sq Ft"
https://www.rentatexhibit.com/floor-plans/two-bedroom-two-bath-1052-sf,200,"2 Bed / 2 Bath Floor Plan, 1,052 Sq Ft | Exhibit On Superior",60,"2 Bed / 2 Bath floor plan at Exhibit On Superior: 1,052 sq ft on floor 4M, with private balcony. River North, Chicago.",118,https://www.rentatexhibit.com/floor-plans/two-bedroom-two-bath-1052-sf,"index, follow, max-image-preview:large",yes,yes,1,"2 Bed / 2 Bath — 1,052 Sq Ft"
https://www.rentatexhibit.com/floor-plans/two-bedroom-two-bath-899-sf,200,"2 Bed / 2 Bath Floor Plan, 899 Sq Ft | Exhibit On Superior",58,"2 Bed / 2 Bath floor plan at Exhibit On Superior: 899 sq ft on floors 6–29, with private balcony. River North, Chicago.",119,https://www.rentatexhibit.com/floor-plans/two-bedroom-two-bath-899-sf,"index, follow, max-image-preview:large",yes,yes,1,2 Bed / 2 Bath — 899 Sq Ft
https://www.rentatexhibit.com/floor-plans/convertible-554-sf,200,"Convertible Floor Plan, 554 Sq Ft | Exhibit On Superior",55,"Convertible floor plan at Exhibit On Superior: 554 sq ft on floors 6–29. River North, Chicago.",94,https://www.rentatexhibit.com/floor-plans/convertible-554-sf,"index, follow, max-image-preview:large",yes,yes,1,Convertible — 554 Sq Ft
https://www.rentatexhibit.com/floor-plans/studio-484-sf,200,"Studio Floor Plan, 484 Sq Ft | Exhibit On Superior",50,"Studio floor plan at Exhibit On Superior: 484 sq ft on floors 6–29. River North, Chicago.",89,https://www.rentatexhibit.com/floor-plans/studio-484-sf,"index, follow, max-image-preview:large",yes,yes,1,Studio — 484 Sq Ft
https://www.rentatexhibit.com/floor-plans/two-bedroom-den-two-bath-983-sf,200,"2 Bed + Den / 2 Bath Floor Plan, 983 Sq Ft | Exhibit On Superior",64,"2 Bed + Den / 2 Bath floor plan at Exhibit On Superior: 983 sq ft on floors 6–29, with private balcony. River North, Chicago.",125,https://www.rentatexhibit.com/floor-plans/two-bedroom-den-two-bath-983-sf,"index, follow, max-image-preview:large",yes,yes,1,2 Bed + Den / 2 Bath — 983 Sq Ft
https://www.rentatexhibit.com/floor-plans/jr-convertible-450-sf,200,"Jr. Convertible Floor Plan, 450 Sq Ft | Exhibit On Superior",59,"Jr. Convertible floor plan at Exhibit On Superior: 450 sq ft on floors 6–29, with private balcony. River North, Chicago.",120,https://www.rentatexhibit.com/floor-plans/jr-convertible-450-sf,"index, follow, max-image-preview:large",yes,yes,1,Jr. Convertible — 450 Sq Ft
https://www.rentatexhibit.com/floor-plans/two-bedroom-one-bath-769-776-sf,200,"2 Bed / 1 Bath Floor Plan, 769–776 Sq Ft | Exhibit On Superior",62,"2 Bed / 1 Bath floor plan at Exhibit On Superior: 769–776 sq ft on floors 6–29, with private balcony. River North, Chicago.",123,https://www.rentatexhibit.com/floor-plans/two-bedroom-one-bath-769-776-sf,"index, follow, max-image-preview:large",yes,yes,1,2 Bed / 1 Bath — 769–776 Sq Ft
https://www.rentatexhibit.com/floor-plans/one-bedroom-one-bath-665-sf,200,"1 Bed / 1 Bath Floor Plan, 665 Sq Ft | Exhibit On Superior",58,"1 Bed / 1 Bath floor plan at Exhibit On Superior: 665 sq ft on floors 6–16, with private balcony. River North, Chicago.",119,https://www.rentatexhibit.com/floor-plans/one-bedroom-one-bath-665-sf,"index, follow, max-image-preview:large",yes,yes,1,1 Bed / 1 Bath — 665 Sq Ft
https://www.rentatexhibit.com/floor-plans/one-bedroom-one-bath-645-sf,200,"1 Bed / 1 Bath Floor Plan, 645 Sq Ft | Exhibit On Superior",58,"1 Bed / 1 Bath floor plan at Exhibit On Superior: 645 sq ft on floors 6–29, with private balcony. River North, Chicago.",119,https://www.rentatexhibit.com/floor-plans/one-bedroom-one-bath-645-sf,"index, follow, max-image-preview:large",yes,yes,1,1 Bed / 1 Bath — 645 Sq Ft
https://www.rentatexhibit.com/floor-plans/two-bedroom-one-bath-779-sf-floors-6-29,200,"2 Bed / 1 Bath, 779 Sq Ft, Floors 6–29 | Exhibit On Superior",60,"2 Bed / 1 Bath floor plan at Exhibit On Superior: 779 sq ft on floors 6–29, with private balcony. River North, Chicago.",119,https://www.rentatexhibit.com/floor-plans/two-bedroom-one-bath-779-sf-floors-6-29,"index, follow, max-image-preview:large",yes,yes,1,2 Bed / 1 Bath — 779 Sq Ft (Floors 6–29)
https://www.rentatexhibit.com/floor-plans/jr-convertible-478-sf-floors-6-29,200,"Jr. Convertible, 478 Sq Ft, Floors 6–29 | Exhibit On Superior",61,"Jr. Convertible floor plan at Exhibit On Superior: 478 sq ft on floors 6–29, with private balcony. River North, Chicago.",120,https://www.rentatexhibit.com/floor-plans/jr-convertible-478-sf-floors-6-29,"index, follow, max-image-preview:large",yes,yes,1,Jr. Convertible — 478 Sq Ft (Floors 6–29)
https://www.rentatexhibit.com/floor-plans/three-bedroom-three-bath-1455-sf,200,"3 Bed / 3 Bath Floor Plan, 1,455 Sq Ft | Exhibit On Superior",60,"3 Bed / 3 Bath floor plan at Exhibit On Superior: 1,455 sq ft on floors 30–34, with private balcony. River North, Chicago.",122,https://www.rentatexhibit.com/floor-plans/three-bedroom-three-bath-1455-sf,"index, follow, max-image-preview:large",yes,yes,1,"3 Bed / 3 Bath — 1,455 Sq Ft"
https://www.rentatexhibit.com/floor-plans/three-bedroom-three-bath-1528-sf,200,"3 Bed / 3 Bath Floor Plan, 1,528 Sq Ft | Exhibit On Superior",60,"3 Bed / 3 Bath floor plan at Exhibit On Superior: 1,528 sq ft on floors 30–34, with private balcony. River North, Chicago.",122,https://www.rentatexhibit.com/floor-plans/three-bedroom-three-bath-1528-sf,"index, follow, max-image-preview:large",yes,yes,1,"3 Bed / 3 Bath — 1,528 Sq Ft"
https://www.rentatexhibit.com/floor-plans/jr-convertible-456-sf,200,"Jr. Convertible Floor Plan, 456 Sq Ft | Exhibit On Superior",59,"Jr. Convertible floor plan at Exhibit On Superior: 456 sq ft on floors 30–34, with private balcony. River North, Chicago.",121,https://www.rentatexhibit.com/floor-plans/jr-convertible-456-sf,"index, follow, max-image-preview:large",yes,yes,1,Jr. Convertible — 456 Sq Ft
https://www.rentatexhibit.com/floor-plans/two-bedroom-one-bath-767-sf,200,"2 Bed / 1 Bath Floor Plan, 767 Sq Ft | Exhibit On Superior",58,"2 Bed / 1 Bath floor plan at Exhibit On Superior: 767 sq ft on floors 30–34, with private balcony. River North, Chicago.",120,https://www.rentatexhibit.com/floor-plans/two-bedroom-one-bath-767-sf,"index, follow, max-image-preview:large",yes,yes,1,2 Bed / 1 Bath — 767 Sq Ft
https://www.rentatexhibit.com/floor-plans/one-bedroom-one-bath-669-sf-floors-30-34,200,"1 Bed / 1 Bath, 669 Sq Ft, Floors 30–34 | Exhibit On Superior",61,"1 Bed / 1 Bath floor plan at Exhibit On Superior: 669 sq ft on floors 30–34, with private balcony. River North, Chicago.",120,https://www.rentatexhibit.com/floor-plans/one-bedroom-one-bath-669-sf-floors-30-34,"index, follow, max-image-preview:large",yes,yes,1,1 Bed / 1 Bath — 669 Sq Ft (Floors 30–34)
https://www.rentatexhibit.com/floor-plans/one-bedroom-one-bath-651-sf,200,"1 Bed / 1 Bath Floor Plan, 651 Sq Ft | Exhibit On Superior",58,"1 Bed / 1 Bath floor plan at Exhibit On Superior: 651 sq ft on floors 30–34, with private balcony. River North, Chicago.",120,https://www.rentatexhibit.com/floor-plans/one-bedroom-one-bath-651-sf,"index, follow, max-image-preview:large",yes,yes,1,1 Bed / 1 Bath — 651 Sq Ft
https://www.rentatexhibit.com/floor-plans/two-bedroom-one-bath-779-sf-floors-30-34,200,"2 Bed / 1 Bath, 779 Sq Ft, Floors 30–34 | Exhibit On Superior",61,"2 Bed / 1 Bath floor plan at Exhibit On Superior: 779 sq ft on floors 30–34, with private balcony. River North, Chicago.",120,https://www.rentatexhibit.com/floor-plans/two-bedroom-one-bath-779-sf-floors-30-34,"index, follow, max-image-preview:large",yes,yes,1,2 Bed / 1 Bath — 779 Sq Ft (Floors 30–34)
https://www.rentatexhibit.com/floor-plans/jr-convertible-478-sf-floors-30-34,200,"Jr. Convertible, 478 Sq Ft, Floors 30–34 | Exhibit On Superior",62,"Jr. Convertible floor plan at Exhibit On Superior: 478 sq ft on floors 30–34, with private balcony. River North, Chicago.",121,https://www.rentatexhibit.com/floor-plans/jr-convertible-478-sf-floors-30-34,"index, follow, max-image-preview:large",yes,yes,1,Jr. Convertible — 478 Sq Ft (Floors 30–34)
https://www.rentatexhibit.com/floor-plans/one-bedroom-one-bath-672-sf,200,"1 Bed / 1 Bath Floor Plan, 672 Sq Ft | Exhibit On Superior",58,"1 Bed / 1 Bath floor plan at Exhibit On Superior: 672 sq ft on floors 22–29, with private balcony. River North, Chicago.",120,https://www.rentatexhibit.com/floor-plans/one-bedroom-one-bath-672-sf,"index, follow, max-image-preview:large",yes,yes,1,1 Bed / 1 Bath — 672 Sq Ft
https://www.rentatexhibit.com/floor-plans/one-bedroom-one-bath-669-sf-floors-17-21,200,"1 Bed / 1 Bath, 669 Sq Ft, Floors 17–21 | Exhibit On Superior",61,"1 Bed / 1 Bath floor plan at Exhibit On Superior: 669 sq ft on floors 17–21, with private balcony. River North, Chicago.",120,https://www.rentatexhibit.com/floor-plans/one-bedroom-one-bath-669-sf-floors-17-21,"index, follow, max-image-preview:large",yes,yes,1,1 Bed / 1 Bath — 669 Sq Ft (Floors 17–21)