url,status,jsonldBlocks,types
https://www.rentatexhibit.com/,200,1,WebSite; Organization; ApartmentComplex+LocalBusiness; WebPage; BreadcrumbList; FAQPage
https://www.rentatexhibit.com/available-units,200,2,WebSite; Organization; ApartmentComplex+LocalBusiness; WebPage; BreadcrumbList; FAQPage; ApartmentComplex; FloorPlan; FloorPlan; FloorPlan; FloorPlan; FloorPlan; FloorPlan; FloorPlan; Apartment; Apartment; Apartment; Apartment; Apartment; Apartment; Apartment; Apartment; Apartment; Apartment; Apartment; Offer; Offer; Offer; Offer; Offer; Offer; Offer; Offer; Offer; Offer; Offer
https://www.rentatexhibit.com/floor-plans,200,2,WebSite; Organization; ApartmentComplex+LocalBusiness; WebPage; BreadcrumbList; FAQPage; ItemList
https://www.rentatexhibit.com/photo-gallery,200,2,WebSite; Organization; ApartmentComplex+LocalBusiness; WebPage; BreadcrumbList; FAQPage; ImageGallery
https://www.rentatexhibit.com/virtual-tour,200,3,WebSite; Organization; ApartmentComplex+LocalBusiness; WebPage; BreadcrumbList; FAQPage; ItemList; VideoObject
https://www.rentatexhibit.com/amenities,200,1,WebSite; Organization; ApartmentComplex+LocalBusiness; WebPage; BreadcrumbList; FAQPage
https://www.rentatexhibit.com/pet-friendly,200,1,WebSite; Organization; ApartmentComplex+LocalBusiness; WebPage; BreadcrumbList; FAQPage
https://www.rentatexhibit.com/neighborhood,200,1,WebSite; Organization; ApartmentComplex+LocalBusiness; WebPage; BreadcrumbList; FAQPage
https://www.rentatexhibit.com/apartment-guide,200,1,WebSite; Organization; ApartmentComplex+LocalBusiness; WebPage; BreadcrumbList; FAQPage
https://www.rentatexhibit.com/fees,200,2,WebSite; Organization; ApartmentComplex+LocalBusiness; WebPage; BreadcrumbList; FAQPage; OfferCatalog
https://www.rentatexhibit.com/parking-transportation,200,1,WebSite; Organization; ApartmentComplex+LocalBusiness; WebPage; BreadcrumbList; FAQPage
https://www.rentatexhibit.com/application-guide,200,1,WebSite; Organization; ApartmentComplex+LocalBusiness; WebPage; BreadcrumbList; FAQPage
https://www.rentatexhibit.com/faq,200,1,WebSite; Organization; ApartmentComplex+LocalBusiness; WebPage; BreadcrumbList; FAQPage
https://www.rentatexhibit.com/knowledge,200,2,WebSite; Organization; ApartmentComplex+LocalBusiness; WebPage; BreadcrumbList; ItemList
https://www.rentatexhibit.com/contact-us,200,1,WebSite; Organization; ApartmentComplex+LocalBusiness; WebPage; BreadcrumbList; FAQPage
https://www.rentatexhibit.com/map-directions,200,1,WebSite; Organization; ApartmentComplex+LocalBusiness; WebPage; BreadcrumbList; FAQPage
https://www.rentatexhibit.com/residents,200,1,WebSite; Organization; ApartmentComplex+LocalBusiness; WebPage; BreadcrumbList; FAQPage
https://www.rentatexhibit.com/schedule-a-tour,200,1,WebSite; Organization; ApartmentComplex+LocalBusiness; WebPage; BreadcrumbList; FAQPage
https://www.rentatexhibit.com/about,200,1,WebSite; Organization; ApartmentComplex+LocalBusiness; AboutPage; BreadcrumbList; FAQPage
https://www.rentatexhibit.com/reviews,200,2,WebSite; Organization; ApartmentComplex+LocalBusiness; WebPage; BreadcrumbList; FAQPage; LocalBusiness
https://www.rentatexhibit.com/privacy-policy,200,1,WebSite; Organization; ApartmentComplex+LocalBusiness; WebPage; BreadcrumbList
https://www.rentatexhibit.com/available-units/0208,200,1,WebSite; Organization; ApartmentComplex+LocalBusiness; WebPage; BreadcrumbList; FloorPlan; Apartment; Offer
https://www.rentatexhibit.com/available-units/0610,200,1,WebSite; Organization; ApartmentComplex+LocalBusiness; WebPage; BreadcrumbList; FloorPlan; Apartment; Offer; VideoObject
https://www.rentatexhibit.com/available-units/0807,200,1,WebSite; Organization; ApartmentComplex+LocalBusiness; WebPage; BreadcrumbList; FloorPlan; Apartment; Offer; VideoObject
https://www.rentatexhibit.com/available-units/1001,200,1,WebSite; Organization; ApartmentComplex+LocalBusiness; WebPage; BreadcrumbList; FloorPlan; Apartment; Offer; VideoObject
https://www.rentatexhibit.com/available-units/1301,200,1,WebSite; Organization; ApartmentComplex+LocalBusiness; WebPage; BreadcrumbList; FloorPlan; Apartment; Offer; VideoObject
https://www.rentatexhibit.com/available-units/1510,200,1,WebSite; Organization; ApartmentComplex+LocalBusiness; WebPage; BreadcrumbList; FloorPlan; Apartment; Offer
https://www.rentatexhibit.com/available-units/1808,200,1,WebSite; Organization; ApartmentComplex+LocalBusiness; WebPage; BreadcrumbList; FloorPlan; Apartment; Offer
https://www.rentatexhibit.com/available-units/2102,200,1,WebSite; Organization; ApartmentComplex+LocalBusiness; WebPage; BreadcrumbList; FloorPlan; Apartment; Offer
https://www.rentatexhibit.com/available-units/2407,200,1,WebSite; Organization; ApartmentComplex+LocalBusiness; WebPage; BreadcrumbList; FloorPlan; Apartment; Offer; VideoObject
https://www.rentatexhibit.com/available-units/2801,200,1,WebSite; Organization; ApartmentComplex+LocalBusiness; WebPage; BreadcrumbList; FloorPlan; Apartment; Offer; VideoObject
https://www.rentatexhibit.com/available-units/3108,200,1,WebSite; Organization; ApartmentComplex+LocalBusiness; WebPage; BreadcrumbList; FloorPlan; Apartment; Offer
https://www.rentatexhibit.com/knowledge/how-much-is-rent,200,1,WebSite; Organization; ApartmentComplex+LocalBusiness; Article+WebPage; BreadcrumbList; FAQPage
https://www.rentatexhibit.com/knowledge/what-fees-in-addition-to-rent,200,1,WebSite; Organization; ApartmentComplex+LocalBusiness; Article+WebPage; BreadcrumbList; FAQPage
https://www.rentatexhibit.com/knowledge/is-there-a-security-deposit,200,1,WebSite; Organization; ApartmentComplex+LocalBusiness; Article+WebPage; BreadcrumbList; FAQPage
https://www.rentatexhibit.com/knowledge/application-fee,200,1,WebSite; Organization; ApartmentComplex+LocalBusiness; Article+WebPage; BreadcrumbList; FAQPage
https://www.rentatexhibit.com/knowledge/administration-fee,200,1,WebSite; Organization; ApartmentComplex+LocalBusiness; Article+WebPage; BreadcrumbList; FAQPage
https://www.rentatexhibit.com/knowledge/move-in-specials,200,1,WebSite; Organization; ApartmentComplex+LocalBusiness; Article+WebPage; BreadcrumbList; FAQPage
https://www.rentatexhibit.com/knowledge/how-much-is-storage,200,1,WebSite; Organization; ApartmentComplex+LocalBusiness; Article+WebPage; BreadcrumbList; FAQPage
https://www.rentatexhibit.com/knowledge/total-move-in-cost,200,1,WebSite; Organization; ApartmentComplex+LocalBusiness; Article+WebPage; BreadcrumbList; FAQPage
https://www.rentatexhibit.com/knowledge/what-apartment-sizes,200,1,WebSite; Organization; ApartmentComplex+LocalBusiness; Article+WebPage; BreadcrumbList; FAQPage
https://www.rentatexhibit.com/knowledge/do-studios-exist,200,1,WebSite; Organization; ApartmentComplex+LocalBusiness; Article+WebPage; BreadcrumbList; FAQPage
https://www.rentatexhibit.com/knowledge/what-is-a-convertible,200,1,WebSite; Organization; ApartmentComplex+LocalBusiness; Article+WebPage; BreadcrumbList; FAQPage
https://www.rentatexhibit.com/knowledge/largest-apartment,200,1,WebSite; Organization; ApartmentComplex+LocalBusiness; Article+WebPage; BreadcrumbList; FAQPage
https://www.rentatexhibit.com/knowledge/which-units-have-balconies,200,1,WebSite; Organization; ApartmentComplex+LocalBusiness; Article+WebPage; BreadcrumbList; FAQPage
https://www.rentatexhibit.com/knowledge/are-apartments-furnished,200,1,WebSite; Organization; ApartmentComplex+LocalBusiness; Article+WebPage; BreadcrumbList; FAQPage
https://www.rentatexhibit.com/knowledge/in-unit-laundry,200,1,WebSite; Organization; ApartmentComplex+LocalBusiness; Article+WebPage; BreadcrumbList; FAQPage
https://www.rentatexhibit.com/knowledge/apartment-finishes,200,1,WebSite; Organization; ApartmentComplex+LocalBusiness; Article+WebPage; BreadcrumbList; FAQPage
https://www.rentatexhibit.com/knowledge/views-and-windows,200,1,WebSite; Organization; ApartmentComplex+LocalBusiness; Article+WebPage; BreadcrumbList; FAQPage
https://www.rentatexhibit.com/knowledge/ada-accessible-apartments,200,1,WebSite; Organization; ApartmentComplex+LocalBusiness; Article+WebPage; BreadcrumbList; FAQPage
https://www.rentatexhibit.com/knowledge/full-amenity-list,200,1,WebSite; Organization; ApartmentComplex+LocalBusiness; Article+WebPage; BreadcrumbList; FAQPage
https://www.rentatexhibit.com/knowledge/is-there-a-pool,200,1,WebSite; Organization; ApartmentComplex+LocalBusiness; Article+WebPage; BreadcrumbList; FAQPage
https://www.rentatexhibit.com/knowledge/amenity-hours,200,1,WebSite; Organization; ApartmentComplex+LocalBusiness; Article+WebPage; BreadcrumbList; FAQPage
https://www.rentatexhibit.com/knowledge/fitness-center,200,1,WebSite; Organization; ApartmentComplex+LocalBusiness; Article+WebPage; BreadcrumbList; FAQPage
https://www.rentatexhibit.com/knowledge/work-from-home-spaces,200,1,WebSite; Organization; ApartmentComplex+LocalBusiness; Article+WebPage; BreadcrumbList; FAQPage
https://www.rentatexhibit.com/knowledge/party-room-reservation,200,1,WebSite; Organization; ApartmentComplex+LocalBusiness; Article+WebPage; BreadcrumbList; FAQPage
https://www.rentatexhibit.com/knowledge/grills-and-fire-pits,200,1,WebSite; Organization; ApartmentComplex+LocalBusiness; Article+WebPage; BreadcrumbList; FAQPage
https://www.rentatexhibit.com/knowledge/private-park,200,1,WebSite; Organization; ApartmentComplex+LocalBusiness; Article+WebPage; BreadcrumbList; FAQPage
https://www.rentatexhibit.com/knowledge/on-site-retail,200,1,WebSite; Organization; ApartmentComplex+LocalBusiness; Article+WebPage; BreadcrumbList; FAQPage
https://www.rentatexhibit.com/knowledge/does-exhibit-allow-dogs,200,1,WebSite; Organization; ApartmentComplex+LocalBusiness; Article+WebPage; BreadcrumbList; FAQPage
https://www.rentatexhibit.com/knowledge/does-exhibit-allow-cats,200,1,WebSite; Organization; ApartmentComplex+LocalBusiness; Article+WebPage; BreadcrumbList; FAQPage
https://www.rentatexhibit.com/knowledge/what-are-pet-fees,200,1,WebSite; Organization; ApartmentComplex+LocalBusiness; Article+WebPage; BreadcrumbList; FAQPage
https://www.rentatexhibit.com/knowledge/breed-and-weight-rules,200,1,WebSite; Organization; ApartmentComplex+LocalBusiness; Article+WebPage; BreadcrumbList; FAQPage
https://www.rentatexhibit.com/knowledge/pet-amenities,200,1,WebSite; Organization; ApartmentComplex+LocalBusiness; Article+WebPage; BreadcrumbList; FAQPage
https://www.rentatexhibit.com/knowledge/how-many-pets,200,1,WebSite; Organization; ApartmentComplex+LocalBusiness; Article+WebPage; BreadcrumbList; FAQPage
https://www.rentatexhibit.com/knowledge/how-much-does-parking-cost,200,1,WebSite; Organization; ApartmentComplex+LocalBusiness; Article+WebPage; BreadcrumbList; FAQPage
https://www.rentatexhibit.com/knowledge/is-there-ev-charging,200,1,WebSite; Organization; ApartmentComplex+LocalBusiness; Article+WebPage; BreadcrumbList; FAQPage
https://www.rentatexhibit.com/knowledge/is-there-guest-parking,200,1,WebSite; Organization; ApartmentComplex+LocalBusiness; Article+WebPage; BreadcrumbList; FAQPage
https://www.rentatexhibit.com/knowledge/is-there-bike-storage,200,1,WebSite; Organization; ApartmentComplex+LocalBusiness; Article+WebPage; BreadcrumbList; FAQPage
https://www.rentatexhibit.com/knowledge/cta-proximity,200,1,WebSite; Organization; ApartmentComplex+LocalBusiness; Article+WebPage; BreadcrumbList; FAQPage
https://www.rentatexhibit.com/knowledge/car-free-living,200,1,WebSite; Organization; ApartmentComplex+LocalBusiness; Article+WebPage; BreadcrumbList; FAQPage
https://www.rentatexhibit.com/knowledge/highway-access,200,1,WebSite; Organization; ApartmentComplex+LocalBusiness; Article+WebPage; BreadcrumbList; FAQPage
https://www.rentatexhibit.com/knowledge/walk-to-the-loop,200,1,WebSite; Organization; ApartmentComplex+LocalBusiness; Article+WebPage; BreadcrumbList; FAQPage
https://www.rentatexhibit.com/knowledge/how-do-i-apply,200,1,WebSite; Organization; ApartmentComplex+LocalBusiness; Article+WebPage; BreadcrumbList; FAQPage
https://www.rentatexhibit.com/knowledge/credit-score-required,200,1,WebSite; Organization; ApartmentComplex+LocalBusiness; Article+WebPage; BreadcrumbList; FAQPage
https://www.rentatexhibit.com/knowledge/co-signers-accepted,200,1,WebSite; Organization; ApartmentComplex+LocalBusiness; Article+WebPage; BreadcrumbList; FAQPage
https://www.rentatexhibit.com/knowledge/approval-time,200,1,WebSite; Organization; ApartmentComplex+LocalBusiness; Article+WebPage; BreadcrumbList; FAQPage
https://www.rentatexhibit.com/knowledge/lease-terms,200,1,WebSite; Organization; ApartmentComplex+LocalBusiness; Article+WebPage; BreadcrumbList; FAQPage
https://www.rentatexhibit.com/knowledge/occupancy-limits,200,1,WebSite; Organization; ApartmentComplex+LocalBusiness; Article+WebPage; BreadcrumbList; FAQPage
https://www.rentatexhibit.com/knowledge/documents-needed,200,1,WebSite; Organization; ApartmentComplex+LocalBusiness; Article+WebPage; BreadcrumbList; FAQPage
https://www.rentatexhibit.com/knowledge/renters-insurance-required,200,1,WebSite; Organization; ApartmentComplex+LocalBusiness; Article+WebPage; BreadcrumbList; FAQPage
https://www.rentatexhibit.com/knowledge/schedule-a-tour,200,1,WebSite; Organization; ApartmentComplex+LocalBusiness; Article+WebPage; BreadcrumbList; FAQPage
https://www.rentatexhibit.com/knowledge/virtual-tours,200,1,WebSite; Organization; ApartmentComplex+LocalBusiness; Article+WebPage; BreadcrumbList; FAQPage
https://www.rentatexhibit.com/knowledge/how-is-electricity-billed,200,1,WebSite; Organization; ApartmentComplex+LocalBusiness; Article+WebPage; BreadcrumbList; FAQPage
https://www.rentatexhibit.com/knowledge/what-utility-fee-covers,200,1,WebSite; Organization; ApartmentComplex+LocalBusiness; Article+WebPage; BreadcrumbList; FAQPage
https://www.rentatexhibit.com/knowledge/utility-fee-by-floor-plan,200,1,WebSite; Organization; ApartmentComplex+LocalBusiness; Article+WebPage; BreadcrumbList; FAQPage
https://www.rentatexhibit.com/knowledge/what-neighborhood,200,1,WebSite; Organization; ApartmentComplex+LocalBusiness; Article+WebPage; BreadcrumbList; FAQPage
https://www.rentatexhibit.com/knowledge/neighborhood-groceries,200,1,WebSite; Organization; ApartmentComplex+LocalBusiness; Article+WebPage; BreadcrumbList; FAQPage
https://www.rentatexhibit.com/knowledge/neighborhood-dog-parks,200,1,WebSite; Organization; ApartmentComplex+LocalBusiness; Article+WebPage; BreadcrumbList; FAQPage
https://www.rentatexhibit.com/knowledge/neighborhood-gyms,200,1,WebSite; Organization; ApartmentComplex+LocalBusiness; Article+WebPage; BreadcrumbList; FAQPage
https://www.rentatexhibit.com/knowledge/neighborhood-parks,200,1,WebSite; Organization; ApartmentComplex+LocalBusiness; Article+WebPage; BreadcrumbList; FAQPage
https://www.rentatexhibit.com/knowledge/whats-near-superior-and-wells,200,1,WebSite; Organization; ApartmentComplex+LocalBusiness; Article+WebPage; BreadcrumbList; FAQPage
https://www.rentatexhibit.com/knowledge/neighborhood-dining,200,1,WebSite; Organization; ApartmentComplex+LocalBusiness; Article+WebPage; BreadcrumbList; FAQPage
https://www.rentatexhibit.com/knowledge/how-many-apartments,200,1,WebSite; Organization; ApartmentComplex+LocalBusiness; Article+WebPage; BreadcrumbList; FAQPage
https://www.rentatexhibit.com/knowledge/front-desk-hours,200,1,WebSite; Organization; ApartmentComplex+LocalBusiness; Article+WebPage; BreadcrumbList; FAQPage
https://www.rentatexhibit.com/knowledge/who-manages-exhibit,200,1,WebSite; Organization; ApartmentComplex+LocalBusiness; Article+WebPage; BreadcrumbList; FAQPage
https://www.rentatexhibit.com/knowledge/leasing-office-hours,200,1,WebSite; Organization; ApartmentComplex+LocalBusiness; Article+WebPage; BreadcrumbList; FAQPage
https://www.rentatexhibit.com/knowledge/building-address,200,1,WebSite; Organization; ApartmentComplex+LocalBusiness; Article+WebPage; BreadcrumbList; FAQPage
https://www.rentatexhibit.com/knowledge/resident-portal,200,1,WebSite; Organization; ApartmentComplex+LocalBusiness; Article+WebPage; BreadcrumbList; FAQPage
https://www.rentatexhibit.com/knowledge/reviews-sources,200,1,WebSite; Organization; ApartmentComplex+LocalBusiness; Article+WebPage; BreadcrumbList; FAQPage
https://www.rentatexhibit.com/knowledge/accessibility-contact,200,1,WebSite; Organization; ApartmentComplex+LocalBusiness; Article+WebPage; BreadcrumbList; FAQPage
https://www.rentatexhibit.com/knowledge/smoking-policy,200,1,WebSite; Organization; ApartmentComplex+LocalBusiness; Article+WebPage; BreadcrumbList; FAQPage
https://www.rentatexhibit.com/floor-plans/two-bedroom-one-bath-821-sf,200,1,WebSite; Organization; ApartmentComplex+LocalBusiness; WebPage; BreadcrumbList; FloorPlan
https://www.rentatexhibit.com/floor-plans/one-bedroom-one-bath-619-sf,200,1,WebSite; Organization; ApartmentComplex+LocalBusiness; WebPage; BreadcrumbList; FloorPlan
https://www.rentatexhibit.com/floor-plans/one-bedroom-one-bath-630-sf,200,1,WebSite; Organization; ApartmentComplex+LocalBusiness; WebPage; BreadcrumbList; FloorPlan
https://www.rentatexhibit.com/floor-plans/two-bedroom-two-bath-1003-sf,200,1,WebSite; Organization; ApartmentComplex+LocalBusiness; WebPage; BreadcrumbList; FloorPlan; Apartment; Offer
https://www.rentatexhibit.com/floor-plans/two-bedroom-two-bath-929-sf,200,1,WebSite; Organization; ApartmentComplex+LocalBusiness; WebPage; BreadcrumbList; FloorPlan
https://www.rentatexhibit.com/floor-plans/two-bedroom-two-bath-935-sf,200,1,WebSite; Organization; ApartmentComplex+LocalBusiness; WebPage; BreadcrumbList; FloorPlan
https://www.rentatexhibit.com/floor-plans/two-bedroom-two-bath-1135-sf,200,1,WebSite; Organization; ApartmentComplex+LocalBusiness; WebPage; BreadcrumbList; FloorPlan
https://www.rentatexhibit.com/floor-plans/studio-448-sf,200,1,WebSite; Organization; ApartmentComplex+LocalBusiness; WebPage; BreadcrumbList; FloorPlan
https://www.rentatexhibit.com/floor-plans/one-bedroom-one-bath-656-sf,200,1,WebSite; Organization; ApartmentComplex+LocalBusiness; WebPage; BreadcrumbList; FloorPlan
https://www.rentatexhibit.com/floor-plans/two-bedroom-two-bath-1079-sf,200,1,WebSite; Organization; ApartmentComplex+LocalBusiness; WebPage; BreadcrumbList; FloorPlan
https://www.rentatexhibit.com/floor-plans/one-bedroom-one-bath-768-sf,200,1,WebSite; Organization; ApartmentComplex+LocalBusiness; WebPage; BreadcrumbList; FloorPlan
https://www.rentatexhibit.com/floor-plans/one-bedroom-one-bath-628-sf,200,1,WebSite; Organization; ApartmentComplex+LocalBusiness; WebPage; BreadcrumbList; FloorPlan
https://www.rentatexhibit.com/floor-plans/two-bedroom-two-bath-1026-sf,200,1,WebSite; Organization; ApartmentComplex+LocalBusiness; WebPage; BreadcrumbList; FloorPlan
https://www.rentatexhibit.com/floor-plans/two-bedroom-two-bath-1052-sf,200,1,WebSite; Organization; ApartmentComplex+LocalBusiness; WebPage; BreadcrumbList; FloorPlan
https://www.rentatexhibit.com/floor-plans/two-bedroom-two-bath-899-sf,200,1,WebSite; Organization; ApartmentComplex+LocalBusiness; WebPage; BreadcrumbList; FloorPlan; Apartment; Apartment; Apartment; Offer; Offer; Offer
https://www.rentatexhibit.com/floor-plans/convertible-554-sf,200,1,WebSite; Organization; ApartmentComplex+LocalBusiness; WebPage; BreadcrumbList; FloorPlan; Apartment; Offer
https://www.rentatexhibit.com/floor-plans/studio-484-sf,200,1,WebSite; Organization; ApartmentComplex+LocalBusiness; WebPage; BreadcrumbList; FloorPlan
https://www.rentatexhibit.com/floor-plans/two-bedroom-den-two-bath-983-sf,200,1,WebSite; Organization; ApartmentComplex+LocalBusiness; WebPage; BreadcrumbList; FloorPlan
https://www.rentatexhibit.com/floor-plans/jr-convertible-450-sf,200,1,WebSite; Organization; ApartmentComplex+LocalBusiness; WebPage; BreadcrumbList; FloorPlan
https://www.rentatexhibit.com/floor-plans/two-bedroom-one-bath-769-776-sf,200,1,WebSite; Organization; ApartmentComplex+LocalBusiness; WebPage; BreadcrumbList; FloorPlan
https://www.rentatexhibit.com/floor-plans/one-bedroom-one-bath-665-sf,200,1,WebSite; Organization; ApartmentComplex+LocalBusiness; WebPage; BreadcrumbList; FloorPlan; Apartment; Offer
https://www.rentatexhibit.com/floor-plans/one-bedroom-one-bath-645-sf,200,1,WebSite; Organization; ApartmentComplex+LocalBusiness; WebPage; BreadcrumbList; FloorPlan; Apartment; Offer
https://www.rentatexhibit.com/floor-plans/two-bedroom-one-bath-779-sf-floors-6-29,200,1,WebSite; Organization; ApartmentComplex+LocalBusiness; WebPage; BreadcrumbList; FloorPlan
https://www.rentatexhibit.com/floor-plans/jr-convertible-478-sf-floors-6-29,200,1,WebSite; Organization; ApartmentComplex+LocalBusiness; WebPage; BreadcrumbList; FloorPlan; Apartment; Apartment; Offer; Offer
https://www.rentatexhibit.com/floor-plans/three-bedroom-three-bath-1455-sf,200,1,WebSite; Organization; ApartmentComplex+LocalBusiness; WebPage; BreadcrumbList; FloorPlan
https://www.rentatexhibit.com/floor-plans/three-bedroom-three-bath-1528-sf,200,1,WebSite; Organization; ApartmentComplex+LocalBusiness; WebPage; BreadcrumbList; FloorPlan
https://www.rentatexhibit.com/floor-plans/jr-convertible-456-sf,200,1,WebSite; Organization; ApartmentComplex+LocalBusiness; WebPage; BreadcrumbList; FloorPlan
https://www.rentatexhibit.com/floor-plans/two-bedroom-one-bath-767-sf,200,1,WebSite; Organization; ApartmentComplex+LocalBusiness; WebPage; BreadcrumbList; FloorPlan
https://www.rentatexhibit.com/floor-plans/one-bedroom-one-bath-669-sf-floors-30-34,200,1,WebSite; Organization; ApartmentComplex+LocalBusiness; WebPage; BreadcrumbList; FloorPlan
https://www.rentatexhibit.com/floor-plans/one-bedroom-one-bath-651-sf,200,1,WebSite; Organization; ApartmentComplex+LocalBusiness; WebPage; BreadcrumbList; FloorPlan
https://www.rentatexhibit.com/floor-plans/two-bedroom-one-bath-779-sf-floors-30-34,200,1,WebSite; Organization; ApartmentComplex+LocalBusiness; WebPage; BreadcrumbList; FloorPlan
https://www.rentatexhibit.com/floor-plans/jr-convertible-478-sf-floors-30-34,200,1,WebSite; Organization; ApartmentComplex+LocalBusiness; WebPage; BreadcrumbList; FloorPlan; Apartment; Offer
https://www.rentatexhibit.com/floor-plans/one-bedroom-one-bath-672-sf,200,1,WebSite; Organization; ApartmentComplex+LocalBusiness; WebPage; BreadcrumbList; FloorPlan; Apartment; Offer
https://www.rentatexhibit.com/floor-plans/one-bedroom-one-bath-669-sf-floors-17-21,200,1,WebSite; Organization; ApartmentComplex+LocalBusiness; WebPage; BreadcrumbList; FloorPlan