url,in_sitemap,status_chain,final_status,redirect_destination,canonical,x_robots_tag,meta_robots,indexable,title,h1
https://www.rentatexhibit.com/,yes,200,200,,https://www.rentatexhibit.com/,,"index, follow, max-image-preview:large",yes,Luxury Apartments in River North Chicago | Exhibit On Superior,Luxury Apartments
https://www.rentatexhibit.com/available-units,yes,200,200,,https://www.rentatexhibit.com/available-units,,"index, follow, max-image-preview:large",yes,"Available Apartments, Live Pricing | Exhibit On Superior Chicago",Available Units
https://www.rentatexhibit.com/floor-plans,yes,200,200,,https://www.rentatexhibit.com/floor-plans,,"index, follow, max-image-preview:large",yes,"River North Floor Plans, Studio to 3 Bed | Exhibit On Superior",River North Floor Plans — Studio to 3 Bedroom
https://www.rentatexhibit.com/photo-gallery,yes,200,200,,https://www.rentatexhibit.com/photo-gallery,,"index, follow, max-image-preview:large",yes,Photo Gallery | Exhibit On Superior Chicago Apartments,Of City Living
https://www.rentatexhibit.com/virtual-tour,yes,200,200,,https://www.rentatexhibit.com/virtual-tour,,"index, follow, max-image-preview:large",yes,Virtual Tours | Exhibit On Superior Apartments Chicago,Here
https://www.rentatexhibit.com/amenities,yes,200,200,,https://www.rentatexhibit.com/amenities,,"index, follow, max-image-preview:large",yes,Luxury Apartment Amenities in River North | Exhibit On Superior,Luxury River North Amenities
https://www.rentatexhibit.com/pet-friendly,yes,200,200,,https://www.rentatexhibit.com/pet-friendly,,"index, follow, max-image-preview:large",yes,Pet-Friendly Apartments in River North | Exhibit On Superior,Say Hello to Pet-Friendly Living In Chicago
https://www.rentatexhibit.com/luxury-apartments-river-north,yes,200,200,,https://www.rentatexhibit.com/luxury-apartments-river-north,,"index, follow, max-image-preview:large",yes,"Luxury River North Apartments, Chicago | Exhibit On Superior",River North
https://www.rentatexhibit.com/studio-apartments-river-north,yes,200,200,,https://www.rentatexhibit.com/studio-apartments-river-north,,"index, follow, max-image-preview:large",yes,Studio Apartments in River North Chicago | Exhibit On Superior,River North
https://www.rentatexhibit.com/convertible-apartments-river-north,yes,200,200,,https://www.rentatexhibit.com/convertible-apartments-river-north,,"index, follow, max-image-preview:large",yes,Convertible Apartments in River North | Exhibit On Superior,River North
https://www.rentatexhibit.com/one-bedroom-apartments-river-north,yes,200,200,,https://www.rentatexhibit.com/one-bedroom-apartments-river-north,,"index, follow, max-image-preview:large",yes,1 Bedroom Apartments in River North | Exhibit On Superior,River North
https://www.rentatexhibit.com/two-bedroom-apartments-river-north,yes,200,200,,https://www.rentatexhibit.com/two-bedroom-apartments-river-north,,"index, follow, max-image-preview:large",yes,2 Bedroom Apartments in River North | Exhibit On Superior,River North
https://www.rentatexhibit.com/three-bedroom-apartments-river-north,yes,200,200,,https://www.rentatexhibit.com/three-bedroom-apartments-river-north,,"index, follow, max-image-preview:large",yes,3 Bedroom Apartments in River North | Exhibit On Superior,River North
https://www.rentatexhibit.com/apartments-near-northwestern-memorial,yes,200,200,,https://www.rentatexhibit.com/apartments-near-northwestern-memorial,,"index, follow, max-image-preview:large",yes,Apartments Near Northwestern Memorial | Exhibit On Superior,Northwestern Memorial
https://www.rentatexhibit.com/apartments-near-merchandise-mart,yes,200,200,,https://www.rentatexhibit.com/apartments-near-merchandise-mart,,"index, follow, max-image-preview:large",yes,Apartments Near the Merchandise Mart | Exhibit On Superior,The Merchandise Mart
https://www.rentatexhibit.com/apartments-near-the-loop,yes,200,200,,https://www.rentatexhibit.com/apartments-near-the-loop,,"index, follow, max-image-preview:large",yes,"Apartments Near the Loop, Chicago | Exhibit On Superior",The Loop
https://www.rentatexhibit.com/neighborhood,yes,200,200,,https://www.rentatexhibit.com/neighborhood,,"index, follow, max-image-preview:large",yes,River North Neighborhood | Exhibit On Superior Chicago,The Best of River North
https://www.rentatexhibit.com/apartment-guide,yes,200,200,,https://www.rentatexhibit.com/apartment-guide,,"index, follow, max-image-preview:large",yes,"Apartment Guide: Layouts, Finishes & Views | Exhibit On Superior",The Exhibit Apartment Guide
https://www.rentatexhibit.com/fees,yes,200,200,,https://www.rentatexhibit.com/fees,,"index, follow, max-image-preview:large",yes,"Fees, Utilities & Leasing Costs | Exhibit On Superior Chicago",Fees & Leasing Costs
https://www.rentatexhibit.com/parking-transportation,yes,200,200,,https://www.rentatexhibit.com/parking-transportation,,"index, follow, max-image-preview:large",yes,Parking & Transportation | Exhibit On Superior River North,Parking & Transportation
https://www.rentatexhibit.com/application-guide,yes,200,200,,https://www.rentatexhibit.com/application-guide,,"index, follow, max-image-preview:large",yes,Application & Qualification Guide | Exhibit On Superior,Application & Qualification Guide
https://www.rentatexhibit.com/faq,yes,200,200,,https://www.rentatexhibit.com/faq,,"index, follow, max-image-preview:large",yes,Frequently Asked Questions | Exhibit On Superior Chicago,Frequently Asked Questions
https://www.rentatexhibit.com/knowledge,yes,200,200,,https://www.rentatexhibit.com/knowledge,,"index, follow, max-image-preview:large",yes,Knowledge Center: Renter Questions Answered | Exhibit On Superior,"Every Question, Answered With Facts"
https://www.rentatexhibit.com/contact-us,yes,200,200,,https://www.rentatexhibit.com/contact-us,,"index, follow, max-image-preview:large",yes,Contact Exhibit On Superior | River North Chicago Apartments,With Exhibit On Superior
https://www.rentatexhibit.com/map-directions,yes,200,200,,https://www.rentatexhibit.com/map-directions,,"index, follow, max-image-preview:large",yes,Map & Directions | Exhibit On Superior River North Chicago,To Exhibit On Superior
https://www.rentatexhibit.com/residents,yes,200,200,,https://www.rentatexhibit.com/residents,,"index, follow, max-image-preview:large",yes,Resident Portal & Resources | Exhibit On Superior Chicago,Made Simple
https://www.rentatexhibit.com/schedule-a-tour,yes,200,200,,https://www.rentatexhibit.com/schedule-a-tour,,"index, follow, max-image-preview:large",yes,Schedule a Tour | Exhibit On Superior River North Chicago,Around
https://www.rentatexhibit.com/about,yes,200,200,,https://www.rentatexhibit.com/about,,"index, follow, max-image-preview:large",yes,About Exhibit On Superior | River North Chicago Apartments,Exhibit On Superior
https://www.rentatexhibit.com/reviews,yes,200,200,,https://www.rentatexhibit.com/reviews,,"index, follow, max-image-preview:large",yes,Resident Reviews | Exhibit On Superior River North Chicago,Reviews
https://www.rentatexhibit.com/privacy-policy,yes,200,200,,https://www.rentatexhibit.com/privacy-policy,,"index, follow, max-image-preview:large",yes,Privacy Policy | Exhibit On Superior Apartments Chicago,Privacy Policy
https://www.rentatexhibit.com/available-units/0208,yes,200,200,,https://www.rentatexhibit.com/available-units/0208,,"index, follow, max-image-preview:large",yes,Apartment 0208 | 2-bedroom | Exhibit On Superior Chicago,Apartment 0208 — floor 2
https://www.rentatexhibit.com/available-units/1001,yes,200,200,,https://www.rentatexhibit.com/available-units/1001,,"index, follow, max-image-preview:large",yes,Apartment 1001 | 2-bedroom | Exhibit On Superior Chicago,Apartment 1001 — floor 10
https://www.rentatexhibit.com/available-units/1301,yes,200,200,,https://www.rentatexhibit.com/available-units/1301,,"index, follow, max-image-preview:large",yes,Apartment 1301 | 2-bedroom | Exhibit On Superior Chicago,Apartment 1301 — floor 13
https://www.rentatexhibit.com/available-units/1510,yes,200,200,,https://www.rentatexhibit.com/available-units/1510,,"index, follow, max-image-preview:large",yes,Apartment 1510 | Convertible | Exhibit On Superior Chicago,Apartment 1510 — floor 15
https://www.rentatexhibit.com/available-units/1808,yes,200,200,,https://www.rentatexhibit.com/available-units/1808,,"index, follow, max-image-preview:large",yes,Apartment 1808 | 1-bedroom | Exhibit On Superior Chicago,Apartment 1808 — floor 18
https://www.rentatexhibit.com/available-units/2407,yes,200,200,,https://www.rentatexhibit.com/available-units/2407,,"index, follow, max-image-preview:large",yes,Apartment 2407 | 1-bedroom | Exhibit On Superior Chicago,Apartment 2407 — floor 24
https://www.rentatexhibit.com/available-units/2705,yes,200,200,,https://www.rentatexhibit.com/available-units/2705,,"index, follow, max-image-preview:large",yes,Apartment 2705 | Convertible | Exhibit On Superior Chicago,Apartment 2705 — floor 27
https://www.rentatexhibit.com/available-units/2801,yes,200,200,,https://www.rentatexhibit.com/available-units/2801,,"index, follow, max-image-preview:large",yes,Apartment 2801 | 2-bedroom | Exhibit On Superior Chicago,Apartment 2801 — floor 28
https://www.rentatexhibit.com/available-units/3108,yes,200,200,,https://www.rentatexhibit.com/available-units/3108,,"index, follow, max-image-preview:large",yes,Apartment 3108 | Convertible | Exhibit On Superior Chicago,Apartment 3108 — floor 31
https://www.rentatexhibit.com/knowledge/how-much-is-rent,yes,200,200,,https://www.rentatexhibit.com/knowledge/how-much-is-rent,,"index, follow, max-image-preview:large",yes,How much is rent at Exhibit On Superior?,How much is rent at Exhibit On Superior?
https://www.rentatexhibit.com/knowledge/what-fees-in-addition-to-rent,yes,200,200,,https://www.rentatexhibit.com/knowledge/what-fees-in-addition-to-rent,,"index, follow, max-image-preview:large",yes,What fees does Exhibit On Superior charge in addition to rent?,What fees does Exhibit On Superior charge in addition to rent?
https://www.rentatexhibit.com/knowledge/is-there-a-security-deposit,yes,200,200,,https://www.rentatexhibit.com/knowledge/is-there-a-security-deposit,,"index, follow, max-image-preview:large",yes,Is there a security deposit at Exhibit On Superior?,Is there a security deposit at Exhibit On Superior?
https://www.rentatexhibit.com/knowledge/application-fee,yes,200,200,,https://www.rentatexhibit.com/knowledge/application-fee,,"index, follow, max-image-preview:large",yes,How much is the application fee at Exhibit On Superior?,How much is the application fee at Exhibit On Superior?
https://www.rentatexhibit.com/knowledge/administration-fee,yes,200,200,,https://www.rentatexhibit.com/knowledge/administration-fee,,"index, follow, max-image-preview:large",yes,What is the administration fee at Exhibit On Superior?,What is the administration fee at Exhibit On Superior?
https://www.rentatexhibit.com/knowledge/move-in-specials,yes,200,200,,https://www.rentatexhibit.com/knowledge/move-in-specials,,"index, follow, max-image-preview:large",yes,Does Exhibit On Superior offer move-in specials?,Does Exhibit On Superior offer move-in specials?
https://www.rentatexhibit.com/knowledge/how-much-is-storage,yes,200,200,,https://www.rentatexhibit.com/knowledge/how-much-is-storage,,"index, follow, max-image-preview:large",yes,How much does storage cost at Exhibit On Superior?,How much does storage cost at Exhibit On Superior?
https://www.rentatexhibit.com/knowledge/total-move-in-cost,yes,200,200,,https://www.rentatexhibit.com/knowledge/total-move-in-cost,,"index, follow, max-image-preview:large",yes,What are the total move-in costs at Exhibit On Superior?,What are the total move-in costs at Exhibit On Superior?
https://www.rentatexhibit.com/knowledge/what-apartment-sizes,yes,200,200,,https://www.rentatexhibit.com/knowledge/what-apartment-sizes,,"index, follow, max-image-preview:large",yes,What apartment sizes does Exhibit On Superior offer?,What apartment sizes does Exhibit On Superior offer?
https://www.rentatexhibit.com/knowledge/do-studios-exist,yes,200,200,,https://www.rentatexhibit.com/knowledge/do-studios-exist,,"index, follow, max-image-preview:large",yes,Does Exhibit On Superior have studio apartments?,Does Exhibit On Superior have studio apartments?
https://www.rentatexhibit.com/knowledge/what-is-a-convertible,yes,200,200,,https://www.rentatexhibit.com/knowledge/what-is-a-convertible,,"index, follow, max-image-preview:large",yes,What is a convertible apartment at Exhibit On Superior?,What is a convertible apartment at Exhibit On Superior?
https://www.rentatexhibit.com/knowledge/largest-apartment,yes,200,200,,https://www.rentatexhibit.com/knowledge/largest-apartment,,"index, follow, max-image-preview:large",yes,What is the largest apartment at Exhibit On Superior?,What is the largest apartment at Exhibit On Superior?
https://www.rentatexhibit.com/knowledge/which-units-have-balconies,yes,200,200,,https://www.rentatexhibit.com/knowledge/which-units-have-balconies,,"index, follow, max-image-preview:large",yes,Which apartments at Exhibit On Superior have balconies?,Which apartments at Exhibit On Superior have balconies?
https://www.rentatexhibit.com/knowledge/are-apartments-furnished,yes,200,200,,https://www.rentatexhibit.com/knowledge/are-apartments-furnished,,"index, follow, max-image-preview:large",yes,Are apartments at Exhibit On Superior furnished?,Are apartments at Exhibit On Superior furnished?
https://www.rentatexhibit.com/knowledge/in-unit-laundry,yes,200,200,,https://www.rentatexhibit.com/knowledge/in-unit-laundry,,"index, follow, max-image-preview:large",yes,Do apartments at Exhibit On Superior have in-unit laundry?,Do apartments at Exhibit On Superior have in-unit laundry?
https://www.rentatexhibit.com/knowledge/apartment-finishes,yes,200,200,,https://www.rentatexhibit.com/knowledge/apartment-finishes,,"index, follow, max-image-preview:large",yes,What finishes do apartments at Exhibit On Superior have?,What finishes do apartments at Exhibit On Superior have?
https://www.rentatexhibit.com/knowledge/views-and-windows,yes,200,200,,https://www.rentatexhibit.com/knowledge/views-and-windows,,"index, follow, max-image-preview:large",yes,What views do apartments at Exhibit On Superior have?,What views do apartments at Exhibit On Superior have?
https://www.rentatexhibit.com/knowledge/ada-accessible-apartments,yes,200,200,,https://www.rentatexhibit.com/knowledge/ada-accessible-apartments,,"index, follow, max-image-preview:large",yes,Does Exhibit On Superior have ADA-accessible apartments?,Does Exhibit On Superior have ADA-accessible apartments?
https://www.rentatexhibit.com/knowledge/full-amenity-list,yes,200,200,,https://www.rentatexhibit.com/knowledge/full-amenity-list,,"index, follow, max-image-preview:large",yes,What amenities does Exhibit On Superior offer?,What amenities does Exhibit On Superior offer?
https://www.rentatexhibit.com/knowledge/is-there-a-pool,yes,200,200,,https://www.rentatexhibit.com/knowledge/is-there-a-pool,,"index, follow, max-image-preview:large",yes,Does Exhibit On Superior have a pool?,Does Exhibit On Superior have a pool?
https://www.rentatexhibit.com/knowledge/amenity-hours,yes,200,200,,https://www.rentatexhibit.com/knowledge/amenity-hours,,"index, follow, max-image-preview:large",yes,What are the amenity hours at Exhibit On Superior?,What are the amenity hours at Exhibit On Superior?
https://www.rentatexhibit.com/knowledge/fitness-center,yes,200,200,,https://www.rentatexhibit.com/knowledge/fitness-center,,"index, follow, max-image-preview:large",yes,Does Exhibit On Superior have a fitness center?,Does Exhibit On Superior have a fitness center?
https://www.rentatexhibit.com/knowledge/work-from-home-spaces,yes,200,200,,https://www.rentatexhibit.com/knowledge/work-from-home-spaces,,"index, follow, max-image-preview:large",yes,Does Exhibit On Superior have work-from-home spaces?,Does Exhibit On Superior have work-from-home spaces?
https://www.rentatexhibit.com/knowledge/party-room-reservation,yes,200,200,,https://www.rentatexhibit.com/knowledge/party-room-reservation,,"index, follow, max-image-preview:large",yes,Can I reserve the party room at Exhibit On Superior?,Can I reserve the party room at Exhibit On Superior?
https://www.rentatexhibit.com/knowledge/grills-and-fire-pits,yes,200,200,,https://www.rentatexhibit.com/knowledge/grills-and-fire-pits,,"index, follow, max-image-preview:large",yes,Are there grills and fire pits at Exhibit On Superior?,Are there grills and fire pits at Exhibit On Superior?
https://www.rentatexhibit.com/knowledge/private-park,yes,200,200,,https://www.rentatexhibit.com/knowledge/private-park,,"index, follow, max-image-preview:large",yes,Does Exhibit On Superior have a private park?,Does Exhibit On Superior have a private park?
https://www.rentatexhibit.com/knowledge/on-site-retail,yes,200,200,,https://www.rentatexhibit.com/knowledge/on-site-retail,,"index, follow, max-image-preview:large",yes,What on-site retail does Exhibit On Superior have?,What on-site retail does Exhibit On Superior have?
https://www.rentatexhibit.com/knowledge/does-exhibit-allow-dogs,yes,200,200,,https://www.rentatexhibit.com/knowledge/does-exhibit-allow-dogs,,"index, follow, max-image-preview:large",yes,Does Exhibit On Superior allow dogs?,Does Exhibit On Superior allow dogs?
https://www.rentatexhibit.com/knowledge/does-exhibit-allow-cats,yes,200,200,,https://www.rentatexhibit.com/knowledge/does-exhibit-allow-cats,,"index, follow, max-image-preview:large",yes,Does Exhibit On Superior allow cats?,Does Exhibit On Superior allow cats?
https://www.rentatexhibit.com/knowledge/what-are-pet-fees,yes,200,200,,https://www.rentatexhibit.com/knowledge/what-are-pet-fees,,"index, follow, max-image-preview:large",yes,What are the pet fees at Exhibit On Superior?,What are the pet fees at Exhibit On Superior?
https://www.rentatexhibit.com/knowledge/breed-and-weight-rules,yes,200,200,,https://www.rentatexhibit.com/knowledge/breed-and-weight-rules,,"index, follow, max-image-preview:large",yes,Does Exhibit On Superior have pet breed or weight restrictions?,Does Exhibit On Superior have pet breed or weight restrictions?
https://www.rentatexhibit.com/knowledge/pet-amenities,yes,200,200,,https://www.rentatexhibit.com/knowledge/pet-amenities,,"index, follow, max-image-preview:large",yes,What pet amenities does Exhibit On Superior have?,What pet amenities does Exhibit On Superior have?
https://www.rentatexhibit.com/knowledge/how-many-pets,yes,200,200,,https://www.rentatexhibit.com/knowledge/how-many-pets,,"index, follow, max-image-preview:large",yes,How many pets can I have at Exhibit On Superior?,How many pets can I have at Exhibit On Superior?
https://www.rentatexhibit.com/knowledge/how-much-does-parking-cost,yes,200,200,,https://www.rentatexhibit.com/knowledge/how-much-does-parking-cost,,"index, follow, max-image-preview:large",yes,How much does parking cost at Exhibit On Superior?,How much does parking cost at Exhibit On Superior?
https://www.rentatexhibit.com/knowledge/is-there-ev-charging,yes,200,200,,https://www.rentatexhibit.com/knowledge/is-there-ev-charging,,"index, follow, max-image-preview:large",yes,Does Exhibit On Superior have EV charging?,Does Exhibit On Superior have EV charging?
https://www.rentatexhibit.com/knowledge/is-there-guest-parking,yes,200,200,,https://www.rentatexhibit.com/knowledge/is-there-guest-parking,,"index, follow, max-image-preview:large",yes,Does Exhibit On Superior have guest parking?,Does Exhibit On Superior have guest parking?
https://www.rentatexhibit.com/knowledge/is-there-bike-storage,yes,200,200,,https://www.rentatexhibit.com/knowledge/is-there-bike-storage,,"index, follow, max-image-preview:large",yes,Does Exhibit On Superior have bike storage?,Does Exhibit On Superior have bike storage?
https://www.rentatexhibit.com/knowledge/cta-proximity,yes,200,200,,https://www.rentatexhibit.com/knowledge/cta-proximity,,"index, follow, max-image-preview:large",yes,How close is Exhibit On Superior to the CTA?,How close is Exhibit On Superior to the CTA?
https://www.rentatexhibit.com/knowledge/car-free-living,yes,200,200,,https://www.rentatexhibit.com/knowledge/car-free-living,,"index, follow, max-image-preview:large",yes,Can you live at Exhibit On Superior without a car?,Can you live at Exhibit On Superior without a car?
https://www.rentatexhibit.com/knowledge/highway-access,yes,200,200,,https://www.rentatexhibit.com/knowledge/highway-access,,"index, follow, max-image-preview:large",yes,How do drivers reach the highways from Exhibit On Superior?,How do drivers reach the highways from Exhibit On Superior?
https://www.rentatexhibit.com/knowledge/walk-to-the-loop,yes,200,200,,https://www.rentatexhibit.com/knowledge/walk-to-the-loop,,"index, follow, max-image-preview:large",yes,Is Exhibit On Superior walkable to the Loop?,Is Exhibit On Superior walkable to the Loop?
https://www.rentatexhibit.com/knowledge/how-do-i-apply,yes,200,200,,https://www.rentatexhibit.com/knowledge/how-do-i-apply,,"index, follow, max-image-preview:large",yes,How do I apply for an apartment at Exhibit On Superior?,How do I apply for an apartment at Exhibit On Superior?
https://www.rentatexhibit.com/knowledge/credit-score-required,yes,200,200,,https://www.rentatexhibit.com/knowledge/credit-score-required,,"index, follow, max-image-preview:large",yes,What credit score do you need to rent at Exhibit On Superior?,What credit score do you need to rent at Exhibit On Superior?
https://www.rentatexhibit.com/knowledge/co-signers-accepted,yes,200,200,,https://www.rentatexhibit.com/knowledge/co-signers-accepted,,"index, follow, max-image-preview:large",yes,Does Exhibit On Superior accept co-signers?,Does Exhibit On Superior accept co-signers?
https://www.rentatexhibit.com/knowledge/approval-time,yes,200,200,,https://www.rentatexhibit.com/knowledge/approval-time,,"index, follow, max-image-preview:large",yes,How long does apartment approval take at Exhibit On Superior?,How long does apartment approval take at Exhibit On Superior?
https://www.rentatexhibit.com/knowledge/lease-terms,yes,200,200,,https://www.rentatexhibit.com/knowledge/lease-terms,,"index, follow, max-image-preview:large",yes,What lease terms does Exhibit On Superior offer?,What lease terms does Exhibit On Superior offer?
https://www.rentatexhibit.com/knowledge/occupancy-limits,yes,200,200,,https://www.rentatexhibit.com/knowledge/occupancy-limits,,"index, follow, max-image-preview:large",yes,What are the occupancy limits at Exhibit On Superior?,What are the occupancy limits at Exhibit On Superior?
https://www.rentatexhibit.com/knowledge/documents-needed,yes,200,200,,https://www.rentatexhibit.com/knowledge/documents-needed,,"index, follow, max-image-preview:large",yes,What documents do I need to apply at Exhibit On Superior?,What documents do I need to apply at Exhibit On Superior?
https://www.rentatexhibit.com/knowledge/renters-insurance-required,yes,200,200,,https://www.rentatexhibit.com/knowledge/renters-insurance-required,,"index, follow, max-image-preview:large",yes,Is renters insurance required at Exhibit On Superior?,Is renters insurance required at Exhibit On Superior?
https://www.rentatexhibit.com/knowledge/schedule-a-tour,yes,200,200,,https://www.rentatexhibit.com/knowledge/schedule-a-tour,,"index, follow, max-image-preview:large",yes,How do I schedule a tour of Exhibit On Superior?,How do I schedule a tour of Exhibit On Superior?
https://www.rentatexhibit.com/knowledge/virtual-tours,yes,200,200,,https://www.rentatexhibit.com/knowledge/virtual-tours,,"index, follow, max-image-preview:large",yes,Does Exhibit On Superior offer virtual tours?,Does Exhibit On Superior offer virtual tours?
https://www.rentatexhibit.com/knowledge/how-is-electricity-billed,yes,200,200,,https://www.rentatexhibit.com/knowledge/how-is-electricity-billed,,"index, follow, max-image-preview:large",yes,How is electricity billed at Exhibit On Superior?,How is electricity billed at Exhibit On Superior?
https://www.rentatexhibit.com/knowledge/what-utility-fee-covers,yes,200,200,,https://www.rentatexhibit.com/knowledge/what-utility-fee-covers,,"index, follow, max-image-preview:large",yes,What does the Utility & Service fee cover? | Exhibit On Superior,What does the Utility & Service fee cover?
https://www.rentatexhibit.com/knowledge/utility-fee-by-floor-plan,yes,200,200,,https://www.rentatexhibit.com/knowledge/utility-fee-by-floor-plan,,"index, follow, max-image-preview:large",yes,How much is the utility fee by floor plan? | Exhibit On Superior,How much is the utility fee by floor plan?
https://www.rentatexhibit.com/knowledge/what-neighborhood,yes,200,200,,https://www.rentatexhibit.com/knowledge/what-neighborhood,,"index, follow, max-image-preview:large",yes,What neighborhood is Exhibit On Superior in?,What neighborhood is Exhibit On Superior in?
https://www.rentatexhibit.com/knowledge/neighborhood-groceries,yes,200,200,,https://www.rentatexhibit.com/knowledge/neighborhood-groceries,,"index, follow, max-image-preview:large",yes,What grocery stores are near Exhibit On Superior?,What grocery stores are near Exhibit On Superior?
https://www.rentatexhibit.com/knowledge/neighborhood-dog-parks,yes,200,200,,https://www.rentatexhibit.com/knowledge/neighborhood-dog-parks,,"index, follow, max-image-preview:large",yes,Are there dog parks near Exhibit On Superior?,Are there dog parks near Exhibit On Superior?
https://www.rentatexhibit.com/knowledge/neighborhood-gyms,yes,200,200,,https://www.rentatexhibit.com/knowledge/neighborhood-gyms,,"index, follow, max-image-preview:large",yes,What gyms are near Exhibit On Superior?,What gyms are near Exhibit On Superior?
https://www.rentatexhibit.com/knowledge/neighborhood-parks,yes,200,200,,https://www.rentatexhibit.com/knowledge/neighborhood-parks,,"index, follow, max-image-preview:large",yes,What parks are near Exhibit On Superior?,What parks are near Exhibit On Superior?
https://www.rentatexhibit.com/knowledge/whats-near-superior-and-wells,yes,200,200,,https://www.rentatexhibit.com/knowledge/whats-near-superior-and-wells,,"index, follow, max-image-preview:large",yes,What is near Superior and Wells in River North? | Exhibit On Superior,What is near Superior and Wells in River North?
https://www.rentatexhibit.com/knowledge/neighborhood-dining,yes,200,200,,https://www.rentatexhibit.com/knowledge/neighborhood-dining,,"index, follow, max-image-preview:large",yes,What dining and nightlife are near Exhibit On Superior?,What dining and nightlife are near Exhibit On Superior?
https://www.rentatexhibit.com/knowledge/how-many-apartments,yes,200,200,,https://www.rentatexhibit.com/knowledge/how-many-apartments,,"index, follow, max-image-preview:large",yes,How many apartments does Exhibit On Superior have?,How many apartments does Exhibit On Superior have?
https://www.rentatexhibit.com/knowledge/front-desk-hours,yes,200,200,,https://www.rentatexhibit.com/knowledge/front-desk-hours,,"index, follow, max-image-preview:large",yes,Is there a 24-hour front desk at Exhibit On Superior?,Is there a 24-hour front desk at Exhibit On Superior?
https://www.rentatexhibit.com/knowledge/who-manages-exhibit,yes,200,200,,https://www.rentatexhibit.com/knowledge/who-manages-exhibit,,"index, follow, max-image-preview:large",yes,How do I contact the management team at Exhibit On Superior?,How do I contact the management team at Exhibit On Superior?
https://www.rentatexhibit.com/knowledge/leasing-office-hours,yes,200,200,,https://www.rentatexhibit.com/knowledge/leasing-office-hours,,"index, follow, max-image-preview:large",yes,What are the leasing office hours at Exhibit On Superior?,What are the leasing office hours at Exhibit On Superior?
https://www.rentatexhibit.com/knowledge/building-address,yes,200,200,,https://www.rentatexhibit.com/knowledge/building-address,,"index, follow, max-image-preview:large",yes,What is the address of Exhibit On Superior?,What is the address of Exhibit On Superior?
https://www.rentatexhibit.com/knowledge/resident-portal,yes,200,200,,https://www.rentatexhibit.com/knowledge/resident-portal,,"index, follow, max-image-preview:large",yes,How do Exhibit On Superior residents pay rent and get repairs?,How do Exhibit On Superior residents pay rent and get repairs?
https://www.rentatexhibit.com/knowledge/reviews-sources,yes,200,200,,https://www.rentatexhibit.com/knowledge/reviews-sources,,"index, follow, max-image-preview:large",yes,Where can I read reviews of Exhibit On Superior?,Where can I read reviews of Exhibit On Superior?
https://www.rentatexhibit.com/knowledge/accessibility-contact,yes,200,200,,https://www.rentatexhibit.com/knowledge/accessibility-contact,,"index, follow, max-image-preview:large",yes,Who do I contact about accessibility at Exhibit On Superior?,Who do I contact about accessibility at Exhibit On Superior?
https://www.rentatexhibit.com/knowledge/smoking-policy,yes,200,200,,https://www.rentatexhibit.com/knowledge/smoking-policy,,"index, follow, max-image-preview:large",yes,Is Exhibit On Superior a smoke-free building?,Is Exhibit On Superior a smoke-free building?
https://www.rentatexhibit.com/floor-plans/two-bedroom-one-bath-821-sf,yes,200,200,,https://www.rentatexhibit.com/floor-plans/two-bedroom-one-bath-821-sf,,"index, follow, max-image-preview:large",yes,"2 Bed / 1 Bath Floor Plan, 821 Sq Ft | Exhibit On Superior",2 Bed / 1 Bath — 821 Sq Ft
https://www.rentatexhibit.com/floor-plans/one-bedroom-one-bath-619-sf,yes,200,200,,https://www.rentatexhibit.com/floor-plans/one-bedroom-one-bath-619-sf,,"index, follow, max-image-preview:large",yes,"1 Bed / 1 Bath Floor Plan, 619 Sq Ft | Exhibit On Superior",1 Bed / 1 Bath — 619 Sq Ft
https://www.rentatexhibit.com/floor-plans/one-bedroom-one-bath-630-sf,yes,200,200,,https://www.rentatexhibit.com/floor-plans/one-bedroom-one-bath-630-sf,,"index, follow, max-image-preview:large",yes,"1 Bed / 1 Bath Floor Plan, 630 Sq Ft | Exhibit On Superior",1 Bed / 1 Bath — 630 Sq Ft
https://www.rentatexhibit.com/floor-plans/two-bedroom-two-bath-1003-sf,yes,200,200,,https://www.rentatexhibit.com/floor-plans/two-bedroom-two-bath-1003-sf,,"index, follow, max-image-preview:large",yes,"2 Bed / 2 Bath Floor Plan, 1,003 Sq Ft | Exhibit On Superior","2 Bed / 2 Bath — 1,003 Sq Ft"
https://www.rentatexhibit.com/floor-plans/two-bedroom-two-bath-929-sf,yes,200,200,,https://www.rentatexhibit.com/floor-plans/two-bedroom-two-bath-929-sf,,"index, follow, max-image-preview:large",yes,"2 Bed / 2 Bath Floor Plan, 929 Sq Ft | Exhibit On Superior",2 Bed / 2 Bath — 929 Sq Ft
https://www.rentatexhibit.com/floor-plans/two-bedroom-two-bath-935-sf,yes,200,200,,https://www.rentatexhibit.com/floor-plans/two-bedroom-two-bath-935-sf,,"index, follow, max-image-preview:large",yes,"2 Bed / 2 Bath Floor Plan, 935 Sq Ft | Exhibit On Superior",2 Bed / 2 Bath — 935 Sq Ft
https://www.rentatexhibit.com/floor-plans/two-bedroom-two-bath-1135-sf,yes,200,200,,https://www.rentatexhibit.com/floor-plans/two-bedroom-two-bath-1135-sf,,"index, follow, max-image-preview:large",yes,"2 Bed / 2 Bath Floor Plan, 1,135 Sq Ft | Exhibit On Superior","2 Bed / 2 Bath — 1,135 Sq Ft"
https://www.rentatexhibit.com/floor-plans/studio-448-sf,yes,200,200,,https://www.rentatexhibit.com/floor-plans/studio-448-sf,,"index, follow, max-image-preview:large",yes,"Studio Floor Plan, 448 Sq Ft | Exhibit On Superior",Studio — 448 Sq Ft
https://www.rentatexhibit.com/floor-plans/one-bedroom-one-bath-656-sf,yes,200,200,,https://www.rentatexhibit.com/floor-plans/one-bedroom-one-bath-656-sf,,"index, follow, max-image-preview:large",yes,"1 Bed / 1 Bath Floor Plan, 656 Sq Ft | Exhibit On Superior",1 Bed / 1 Bath — 656 Sq Ft
https://www.rentatexhibit.com/floor-plans/two-bedroom-two-bath-1079-sf,yes,200,200,,https://www.rentatexhibit.com/floor-plans/two-bedroom-two-bath-1079-sf,,"index, follow, max-image-preview:large",yes,"2 Bed / 2 Bath Floor Plan, 1,079 Sq Ft | Exhibit On Superior","2 Bed / 2 Bath — 1,079 Sq Ft"
https://www.rentatexhibit.com/floor-plans/one-bedroom-one-bath-768-sf,yes,200,200,,https://www.rentatexhibit.com/floor-plans/one-bedroom-one-bath-768-sf,,"index, follow, max-image-preview:large",yes,"1 Bed / 1 Bath Floor Plan, 768 Sq Ft | Exhibit On Superior",1 Bed / 1 Bath — 768 Sq Ft
https://www.rentatexhibit.com/floor-plans/one-bedroom-one-bath-628-sf,yes,200,200,,https://www.rentatexhibit.com/floor-plans/one-bedroom-one-bath-628-sf,,"index, follow, max-image-preview:large",yes,"1 Bed / 1 Bath Floor Plan, 628 Sq Ft | Exhibit On Superior",1 Bed / 1 Bath — 628 Sq Ft
https://www.rentatexhibit.com/floor-plans/two-bedroom-two-bath-1026-sf,yes,200,200,,https://www.rentatexhibit.com/floor-plans/two-bedroom-two-bath-1026-sf,,"index, follow, max-image-preview:large",yes,"2 Bed / 2 Bath Floor Plan, 1,026 Sq Ft | Exhibit On Superior","2 Bed / 2 Bath — 1,026 Sq Ft"
https://www.rentatexhibit.com/floor-plans/two-bedroom-two-bath-1052-sf,yes,200,200,,https://www.rentatexhibit.com/floor-plans/two-bedroom-two-bath-1052-sf,,"index, follow, max-image-preview:large",yes,"2 Bed / 2 Bath Floor Plan, 1,052 Sq Ft | Exhibit On Superior","2 Bed / 2 Bath — 1,052 Sq Ft"
https://www.rentatexhibit.com/floor-plans/two-bedroom-two-bath-899-sf,yes,200,200,,https://www.rentatexhibit.com/floor-plans/two-bedroom-two-bath-899-sf,,"index, follow, max-image-preview:large",yes,"2 Bed / 2 Bath Floor Plan, 899 Sq Ft | Exhibit On Superior",2 Bed / 2 Bath — 899 Sq Ft
https://www.rentatexhibit.com/floor-plans/convertible-554-sf,yes,200,200,,https://www.rentatexhibit.com/floor-plans/convertible-554-sf,,"index, follow, max-image-preview:large",yes,"Convertible Floor Plan, 554 Sq Ft | Exhibit On Superior",Convertible — 554 Sq Ft
https://www.rentatexhibit.com/floor-plans/studio-484-sf,yes,200,200,,https://www.rentatexhibit.com/floor-plans/studio-484-sf,,"index, follow, max-image-preview:large",yes,"Studio Floor Plan, 484 Sq Ft | Exhibit On Superior",Studio — 484 Sq Ft
https://www.rentatexhibit.com/floor-plans/two-bedroom-den-two-bath-983-sf,yes,200,200,,https://www.rentatexhibit.com/floor-plans/two-bedroom-den-two-bath-983-sf,,"index, follow, max-image-preview:large",yes,"2 Bed + Den / 2 Bath Floor Plan, 983 Sq Ft | Exhibit On Superior",2 Bed + Den / 2 Bath — 983 Sq Ft
https://www.rentatexhibit.com/floor-plans/jr-convertible-450-sf,yes,200,200,,https://www.rentatexhibit.com/floor-plans/jr-convertible-450-sf,,"index, follow, max-image-preview:large",yes,"Jr. Convertible Floor Plan, 450 Sq Ft | Exhibit On Superior",Jr. Convertible — 450 Sq Ft
https://www.rentatexhibit.com/floor-plans/two-bedroom-one-bath-769-776-sf,yes,200,200,,https://www.rentatexhibit.com/floor-plans/two-bedroom-one-bath-769-776-sf,,"index, follow, max-image-preview:large",yes,"2 Bed / 1 Bath Floor Plan, 769–776 Sq Ft | Exhibit On Superior",2 Bed / 1 Bath — 769–776 Sq Ft
https://www.rentatexhibit.com/floor-plans/one-bedroom-one-bath-665-sf,yes,200,200,,https://www.rentatexhibit.com/floor-plans/one-bedroom-one-bath-665-sf,,"index, follow, max-image-preview:large",yes,"1 Bed / 1 Bath Floor Plan, 665 Sq Ft | Exhibit On Superior",1 Bed / 1 Bath — 665 Sq Ft
https://www.rentatexhibit.com/floor-plans/one-bedroom-one-bath-645-sf,yes,200,200,,https://www.rentatexhibit.com/floor-plans/one-bedroom-one-bath-645-sf,,"index, follow, max-image-preview:large",yes,"1 Bed / 1 Bath Floor Plan, 645 Sq Ft | Exhibit On Superior",1 Bed / 1 Bath — 645 Sq Ft
https://www.rentatexhibit.com/floor-plans/two-bedroom-one-bath-779-sf-floors-6-29,yes,200,200,,https://www.rentatexhibit.com/floor-plans/two-bedroom-one-bath-779-sf-floors-6-29,,"index, follow, max-image-preview:large",yes,"2 Bed / 1 Bath, 779 Sq Ft, Floors 6–29 | Exhibit On Superior",2 Bed / 1 Bath — 779 Sq Ft (Floors 6–29)
https://www.rentatexhibit.com/floor-plans/jr-convertible-478-sf-floors-6-29,yes,200,200,,https://www.rentatexhibit.com/floor-plans/jr-convertible-478-sf-floors-6-29,,"index, follow, max-image-preview:large",yes,"Jr. Convertible, 478 Sq Ft, Floors 6–29 | Exhibit On Superior",Jr. Convertible — 478 Sq Ft (Floors 6–29)
https://www.rentatexhibit.com/floor-plans/three-bedroom-three-bath-1455-sf,yes,200,200,,https://www.rentatexhibit.com/floor-plans/three-bedroom-three-bath-1455-sf,,"index, follow, max-image-preview:large",yes,"3 Bed / 3 Bath Floor Plan, 1,455 Sq Ft | Exhibit On Superior","3 Bed / 3 Bath — 1,455 Sq Ft"
https://www.rentatexhibit.com/floor-plans/three-bedroom-three-bath-1528-sf,yes,200,200,,https://www.rentatexhibit.com/floor-plans/three-bedroom-three-bath-1528-sf,,"index, follow, max-image-preview:large",yes,"3 Bed / 3 Bath Floor Plan, 1,528 Sq Ft | Exhibit On Superior","3 Bed / 3 Bath — 1,528 Sq Ft"
https://www.rentatexhibit.com/floor-plans/jr-convertible-456-sf,yes,200,200,,https://www.rentatexhibit.com/floor-plans/jr-convertible-456-sf,,"index, follow, max-image-preview:large",yes,"Jr. Convertible Floor Plan, 456 Sq Ft | Exhibit On Superior",Jr. Convertible — 456 Sq Ft
https://www.rentatexhibit.com/floor-plans/two-bedroom-one-bath-767-sf,yes,200,200,,https://www.rentatexhibit.com/floor-plans/two-bedroom-one-bath-767-sf,,"index, follow, max-image-preview:large",yes,"2 Bed / 1 Bath Floor Plan, 767 Sq Ft | Exhibit On Superior",2 Bed / 1 Bath — 767 Sq Ft
https://www.rentatexhibit.com/floor-plans/one-bedroom-one-bath-669-sf-floors-30-34,yes,200,200,,https://www.rentatexhibit.com/floor-plans/one-bedroom-one-bath-669-sf-floors-30-34,,"index, follow, max-image-preview:large",yes,"1 Bed / 1 Bath, 669 Sq Ft, Floors 30–34 | Exhibit On Superior",1 Bed / 1 Bath — 669 Sq Ft (Floors 30–34)
https://www.rentatexhibit.com/floor-plans/one-bedroom-one-bath-651-sf,yes,200,200,,https://www.rentatexhibit.com/floor-plans/one-bedroom-one-bath-651-sf,,"index, follow, max-image-preview:large",yes,"1 Bed / 1 Bath Floor Plan, 651 Sq Ft | Exhibit On Superior",1 Bed / 1 Bath — 651 Sq Ft
https://www.rentatexhibit.com/floor-plans/two-bedroom-one-bath-779-sf-floors-30-34,yes,200,200,,https://www.rentatexhibit.com/floor-plans/two-bedroom-one-bath-779-sf-floors-30-34,,"index, follow, max-image-preview:large",yes,"2 Bed / 1 Bath, 779 Sq Ft, Floors 30–34 | Exhibit On Superior",2 Bed / 1 Bath — 779 Sq Ft (Floors 30–34)
https://www.rentatexhibit.com/floor-plans/jr-convertible-478-sf-floors-30-34,yes,200,200,,https://www.rentatexhibit.com/floor-plans/jr-convertible-478-sf-floors-30-34,,"index, follow, max-image-preview:large",yes,"Jr. Convertible, 478 Sq Ft, Floors 30–34 | Exhibit On Superior",Jr. Convertible — 478 Sq Ft (Floors 30–34)
https://www.rentatexhibit.com/floor-plans/one-bedroom-one-bath-672-sf,yes,200,200,,https://www.rentatexhibit.com/floor-plans/one-bedroom-one-bath-672-sf,,"index, follow, max-image-preview:large",yes,"1 Bed / 1 Bath Floor Plan, 672 Sq Ft | Exhibit On Superior",1 Bed / 1 Bath — 672 Sq Ft
https://www.rentatexhibit.com/floor-plans/one-bedroom-one-bath-669-sf-floors-17-21,yes,200,200,,https://www.rentatexhibit.com/floor-plans/one-bedroom-one-bath-669-sf-floors-17-21,,"index, follow, max-image-preview:large",yes,"1 Bed / 1 Bath, 669 Sq Ft, Floors 17–21 | Exhibit On Superior",1 Bed / 1 Bath — 669 Sq Ft (Floors 17–21)
https://www.rentatexhibit.com/apartments/il/chicago/floor-plans,no (legacy),301 -> 200,200,https://www.rentatexhibit.com/floor-plans,https://www.rentatexhibit.com/floor-plans,,"index, follow, max-image-preview:large",no (redirects),"River North Floor Plans, Studio to 3 Bed | Exhibit On Superior",River North Floor Plans — Studio to 3 Bedroom
https://www.rentatexhibit.com/apartments/il/chicago/photo-gallery,no (legacy),301 -> 200,200,https://www.rentatexhibit.com/photo-gallery,https://www.rentatexhibit.com/photo-gallery,,"index, follow, max-image-preview:large",no (redirects),Photo Gallery | Exhibit On Superior Chicago Apartments,Of City Living
https://www.rentatexhibit.com/apartments/il/chicago/virtual-tour,no (legacy),301 -> 200,200,https://www.rentatexhibit.com/virtual-tour,https://www.rentatexhibit.com/virtual-tour,,"index, follow, max-image-preview:large",no (redirects),Virtual Tours | Exhibit On Superior Apartments Chicago,Here
https://www.rentatexhibit.com/apartments/il/chicago/amenities,no (legacy),301 -> 200,200,https://www.rentatexhibit.com/amenities,https://www.rentatexhibit.com/amenities,,"index, follow, max-image-preview:large",no (redirects),Luxury Apartment Amenities in River North | Exhibit On Superior,Luxury River North Amenities
https://www.rentatexhibit.com/apartments/il/chicago/pet-friendly,no (legacy),301 -> 200,200,https://www.rentatexhibit.com/pet-friendly,https://www.rentatexhibit.com/pet-friendly,,"index, follow, max-image-preview:large",no (redirects),Pet-Friendly Apartments in River North | Exhibit On Superior,Say Hello to Pet-Friendly Living In Chicago
https://www.rentatexhibit.com/apartments/il/chicago/neighborhood,no (legacy),301 -> 200,200,https://www.rentatexhibit.com/neighborhood,https://www.rentatexhibit.com/neighborhood,,"index, follow, max-image-preview:large",no (redirects),River North Neighborhood | Exhibit On Superior Chicago,The Best of River North
https://www.rentatexhibit.com/apartments/il/chicago/contact-us,no (legacy),301 -> 200,200,https://www.rentatexhibit.com/contact-us,https://www.rentatexhibit.com/contact-us,,"index, follow, max-image-preview:large",no (redirects),Contact Exhibit On Superior | River North Chicago Apartments,With Exhibit On Superior
https://www.rentatexhibit.com/apartments/il/chicago/map-directions,no (legacy),301 -> 200,200,https://www.rentatexhibit.com/map-directions,https://www.rentatexhibit.com/map-directions,,"index, follow, max-image-preview:large",no (redirects),Map & Directions | Exhibit On Superior River North Chicago,To Exhibit On Superior
https://www.rentatexhibit.com/apartments/il/chicago/residents,no (legacy),301 -> 200,200,https://www.rentatexhibit.com/residents,https://www.rentatexhibit.com/residents,,"index, follow, max-image-preview:large",no (redirects),Resident Portal & Resources | Exhibit On Superior Chicago,Made Simple
https://www.rentatexhibit.com/apartments/il/chicago/schedule-a-tour,no (legacy),301 -> 200,200,https://www.rentatexhibit.com/schedule-a-tour,https://www.rentatexhibit.com/schedule-a-tour,,"index, follow, max-image-preview:large",no (redirects),Schedule a Tour | Exhibit On Superior River North Chicago,Around
https://www.rentatexhibit.com/apartments/il/chicago/reviews,no (legacy),301 -> 200,200,https://www.rentatexhibit.com/reviews,https://www.rentatexhibit.com/reviews,,"index, follow, max-image-preview:large",no (redirects),Resident Reviews | Exhibit On Superior River North Chicago,Reviews
https://www.rentatexhibit.com/apartments/il/chicago/apply,no (legacy),301 -> 200,200,https://www.highlandptrs.com/exhibit-on-superior,https://www.highlandptrs.com/exhibit-on-superior,,noindex,no (redirects),River North Chicago Luxury Apartments | Highland Partners,Exhibit on SuperioR
https://www.rentatexhibit.com/apartments/il/chicago/magellan-rewards,no (legacy),301 -> 200,200,https://www.rentatexhibit.com/,https://www.rentatexhibit.com/,,"index, follow, max-image-preview:large",no (redirects),Luxury Apartments in River North Chicago | Exhibit On Superior,Luxury Apartments
https://www.rentatexhibit.com/apartments/il/chicago,no (legacy),301 -> 200,200,https://www.rentatexhibit.com/available-units,https://www.rentatexhibit.com/available-units,,"index, follow, max-image-preview:large",no (redirects),"Available Apartments, Live Pricing | Exhibit On Superior Chicago",Available Units
https://www.rentatexhibit.com/availableunits,no (legacy),301 -> 200,200,https://www.rentatexhibit.com/available-units,https://www.rentatexhibit.com/available-units,,"index, follow, max-image-preview:large",no (redirects),"Available Apartments, Live Pricing | Exhibit On Superior Chicago",Available Units
https://www.rentatexhibit.com/floorplans.aspx,no (legacy),301 -> 200,200,https://www.rentatexhibit.com/floor-plans,https://www.rentatexhibit.com/floor-plans,,"index, follow, max-image-preview:large",no (redirects),"River North Floor Plans, Studio to 3 Bed | Exhibit On Superior",River North Floor Plans — Studio to 3 Bedroom
https://www.rentatexhibit.com/availableunits.aspx,no (legacy),301 -> 200,200,https://www.rentatexhibit.com/available-units,https://www.rentatexhibit.com/available-units,,"index, follow, max-image-preview:large",no (redirects),"Available Apartments, Live Pricing | Exhibit On Superior Chicago",Available Units
https://www.rentatexhibit.com/amenities.aspx,no (legacy),301 -> 200,200,https://www.rentatexhibit.com/amenities,https://www.rentatexhibit.com/amenities,,"index, follow, max-image-preview:large",no (redirects),Luxury Apartment Amenities in River North | Exhibit On Superior,Luxury River North Amenities
https://www.rentatexhibit.com/contactus.aspx,no (legacy),301 -> 200,200,https://www.rentatexhibit.com/contact-us,https://www.rentatexhibit.com/contact-us,,"index, follow, max-image-preview:large",no (redirects),Contact Exhibit On Superior | River North Chicago Apartments,With Exhibit On Superior
https://www.rentatexhibit.com/brochure.aspx,no (legacy),301 -> 200,200,https://www.rentatexhibit.com/apartment-guide,https://www.rentatexhibit.com/apartment-guide,,"index, follow, max-image-preview:large",no (redirects),"Apartment Guide: Layouts, Finishes & Views | Exhibit On Superior",The Exhibit Apartment Guide
https://www.rentatexhibit.com/mapsanddirections.aspx,no (legacy),301 -> 200,200,https://www.rentatexhibit.com/map-directions,https://www.rentatexhibit.com/map-directions,,"index, follow, max-image-preview:large",no (redirects),Map & Directions | Exhibit On Superior River North Chicago,To Exhibit On Superior
https://www.rentatexhibit.com/knowledge/internet-options,no (legacy),301 -> 200,200,https://www.rentatexhibit.com/knowledge,https://www.rentatexhibit.com/knowledge,,"index, follow, max-image-preview:large",no (redirects),Knowledge Center: Renter Questions Answered | Exhibit On Superior,"Every Question, Answered With Facts"
https://www.rentatexhibit.com/video.aspx,no (legacy),301 -> 200,200,https://www.rentatexhibit.com/virtual-tour,https://www.rentatexhibit.com/virtual-tour,,"index, follow, max-image-preview:large",no (redirects),Virtual Tours | Exhibit On Superior Apartments Chicago,Here
https://www.rentatexhibit.com/apartmentphotos.aspx,no (legacy),301 -> 200,200,https://www.rentatexhibit.com/photo-gallery,https://www.rentatexhibit.com/photo-gallery,,"index, follow, max-image-preview:large",no (redirects),Photo Gallery | Exhibit On Superior Chicago Apartments,Of City Living
https://www.rentatexhibit.com/go/lobby-qr,no (legacy),301 -> 200,200,https://www.rentatexhibit.com/available-units?source=LobbyQR,https://www.rentatexhibit.com/available-units,,"index, follow, max-image-preview:large",no (redirects),"Available Apartments, Live Pricing | Exhibit On Superior Chicago",Available Units
https://www.rentatexhibit.com/go/print,no (legacy),301 -> 200,200,https://www.rentatexhibit.com/available-units?source=Print,https://www.rentatexhibit.com/available-units,,"index, follow, max-image-preview:large",no (redirects),"Available Apartments, Live Pricing | Exhibit On Superior Chicago",Available Units
https://www.rentatexhibit.com/go/banner,no (legacy),301 -> 200,200,https://www.rentatexhibit.com/available-units?source=Banner,https://www.rentatexhibit.com/available-units,,"index, follow, max-image-preview:large",no (redirects),"Available Apartments, Live Pricing | Exhibit On Superior Chicago",Available Units
https://www.rentatexhibit.com/artist-in-residence,no (legacy),301 -> 200,200,https://www.rentatexhibit.com/,https://www.rentatexhibit.com/,,"index, follow, max-image-preview:large",no (redirects),Luxury Apartments in River North Chicago | Exhibit On Superior,Luxury Apartments
