local_file,alt_text,source_pages,status
assets/images/image-001-exhibit-on-superior-logo-color-a7pvg4.png,Exhibit On Superior,apartments__il__chicago__amenities | apartments__il__chicago__artist-in-residence | apartments__il__chicago__contact-us | apartments__il__chicago__floor-plans | apartments__il__chicago__map-directions | apartments__il__chicago__neighborhood | apartments__il__chicago__pet-friendly | apartments__il__chicago__photo-gallery | apartments__il__chicago__residents | apartments__il__chicago__reviews | apartments__il__chicago__schedule-a-tour | apartments__il__chicago__virtual-tour | home,downloaded
assets/images/image-002-gettyimages-1286580777-nvdupq.jpg,"Apartments at Exhibit On Superior in Chicago, Illinois",home,downloaded
assets/images/image-003-gettyimages-1216663469-cc9uxz.jpg,"Chicago, Illinois, apartments at Exhibit On Superior",home,downloaded
assets/images/image-004-012417-5732-pu4fo5.jpg,"Apartments at Exhibit On Superior in Chicago, Illinois",home,downloaded
assets/images/image-005-20170808-0721-c60hfw.jpg,"Exhibit On Superior apartments in Chicago, Illinois",home,downloaded
assets/images/image-006-lounge-with-fireplace-and-big-screen-tv-wwpwuk.jpg,"Chicago, Illinois apartments at Exhibit On Superior",home,downloaded
assets/images/image-007-012417-5990-n11px5.jpg,"Apartments in Chicago, Illinois at Exhibit On Superior",home,downloaded
assets/images/image-008-20170808-0677-aibka3.jpg,"Exhibit On Superior in Chicago, Illinois",home,downloaded
assets/images/image-009-34-southeast-levwhc.jpg,"City view at Exhibit On Superior in Chicago, Illinois",apartments__il__chicago__amenities | home,downloaded
assets/images/image-010-full-floor-amenity-deck-overlooking-the-city-and.jpg,"Well-furnished modern apartment at Exhibit On Superior in Chicago, Illinois",apartments__il__chicago__amenities | home,downloaded
assets/images/image-011-20170808-0713-n8k48b.jpg,"Picturesque swimming pool at Exhibit On Superior in Chicago, Illinois",apartments__il__chicago__amenities | home,downloaded
assets/images/image-012-012417-6415-hgfghu.jpg,"Fitness center at Exhibit On Superior in Chicago, Illinois",apartments__il__chicago__amenities | home,downloaded
assets/images/image-013-20170808-0861-n4esrp.jpg,"Large lap pool at Exhibit On Superior in Chicago, Illinois",home,downloaded
assets/images/image-014-exhibit-living-room-n5xrna.jpg,"Beautiful living room with large windows at Exhibit On Superior in Chicago, Illinois",home,downloaded
assets/images/image-015-work-spaces-with-blazing-fast-wifi-access-lzfatq.jpg,"Large meeting table in the clubhouse at Exhibit On Superior in Chicago, Illinois",home,downloaded
assets/images/image-016-012417-6396-e1vomm.jpg,"Expansive fitness center at Exhibit On Superior in Chicago, Illinois",home,downloaded
assets/images/image-017-012417-6521-i8yuom.jpg,"Resident lounge at Exhibit On Superior in Chicago, Illinois",home,downloaded
assets/images/image-018-lounge-with-fireplace-and-big-screen-tv-ymvrom.jpg,"Resident lounge with large TV and fireplace at Exhibit On Superior in Chicago, Illinois",home,downloaded
assets/images/image-019-game-area-with-arcade-games-and-wall-scrabble-oz.jpg,"Chess in the resident lounge with great views at Exhibit On Superior in Chicago, Illinois",home,downloaded
assets/images/image-020-dsc00806-yr6rhk.jpg,"Music studio at Exhibit On Superior in Chicago, Illinois",home,downloaded
assets/images/image-021-20170808-0852-sw1ncm.jpg,"Outdoor deck with firepit at Exhibit On Superior in Chicago, Illinois",home,downloaded
assets/images/image-022-012417-5663-pylqe0.jpg,"Well-furnished studio apartment at Exhibit On Superior in Chicago, Illinois",home,downloaded
assets/images/image-023-gettyimages-639122762-qpfmh0.jpg,"Resident listening to music near the water by Exhibit On Superior in Chicago, Illinois",home,downloaded
assets/images/image-024-gettyimages-1464613356-q7z583.jpg,"A concert nearby Exhibit On Superior in Chicago, Illinois",home,downloaded
assets/images/image-025-gettyimages-1694195877-kb4dln.jpg,"Resident carrying shopping bags near Exhibit On Superior in Chicago, Illinois",home,downloaded
assets/images/image-026-gettyimages-2169911981-his7ly.jpg,"Wine bar near Exhibit On Superior in Chicago, Illinois",home,downloaded
assets/images/image-027-gettyimages-1757511133-imydkt.jpg,"Resident smiling in the back of a cab near Exhibit On Superior in Chicago, Illinois",home,downloaded
assets/images/image-028-gettyimages-2188334247-b4hzuu.jpg,"Residents biking on a path near Exhibit On Superior in Chicago, Illinois",home,downloaded
assets/images/image-029-gettyimages-1319479588-xeykea.jpg,"A guitar player on stage near Exhibit On Superior in Chicago, Illinois",home,downloaded
assets/images/image-030-012417-5663-hxwee6.jpg,"Floor Plans | Exhibit On Superior in Chicago, Illinois",apartments__il__chicago__floor-plans,downloaded
assets/images/image-031-012417-5607-piqxtr.jpg,"Living room with blue accent wall at Exhibit On Superior in Chicago, Illinois",apartments__il__chicago__floor-plans,downloaded
assets/images/image-032-20170601-0544-qsvo3j.jpg,"Apartment living area with large windows at Exhibit On Superior in Chicago, Illinois",apartments__il__chicago__floor-plans,downloaded
assets/images/image-033-lounge-mfioa0.jpg,"Photo Gallery | Exhibit On Superior in Chicago, Illinois",apartments__il__chicago__photo-gallery,downloaded
assets/images/image-034-012417-5663-hxwee6.jpg,"Kitchen and dining table at Exhibit On Superior in Chicago, Illinois",apartments__il__chicago__photo-gallery,downloaded
assets/images/image-035-012417-5680-yegi2f.jpg,"Kitchen with upscale appliances at Exhibit On Superior in Chicago, Illinois",apartments__il__chicago__photo-gallery,downloaded
assets/images/image-036-012417-5793-ebbynh.jpg,"Quartz countertops at Exhibit On Superior in Chicago, Illinois",apartments__il__chicago__photo-gallery,downloaded
assets/images/image-037-012417-5630-zsx9za.jpg,"High quality range at Exhibit On Superior in Chicago, Illinois",apartments__il__chicago__photo-gallery,downloaded
assets/images/image-038-012417-6039-adwhss.jpg,Kitchen with stainless-steel appliances at alttext,apartments__il__chicago__photo-gallery,downloaded
assets/images/image-039-012417-5797-pnyuww.jpg,"Close up of the stainless-steel sink at Exhibit On Superior in Chicago, Illinois",apartments__il__chicago__photo-gallery,downloaded
assets/images/image-040-012417-5616b-x84gwq.jpg,"Kitchen table at Exhibit On Superior in Chicago, Illinois",apartments__il__chicago__photo-gallery,downloaded
assets/images/image-041-012417-5607-piqxtr.jpg,"Living room with accent wall at Exhibit On Superior in Chicago, Illinois",apartments__il__chicago__photo-gallery,downloaded
assets/images/image-042-012417-5548-cyorgo.jpg,"Large window in the living room and couch at Exhibit On Superior in Chicago, Illinois",apartments__il__chicago__photo-gallery,downloaded
assets/images/image-043-012417-5563-oriwf6.jpg,"Bedroom with blue accent wall at Exhibit On Superior in Chicago, Illinois",apartments__il__chicago__photo-gallery,downloaded
assets/images/image-044-012417-5578-ttpmgd.jpg,"Bedroom at Exhibit On Superior in Chicago, Illinois",apartments__il__chicago__photo-gallery,downloaded
assets/images/image-045-012417-5719-d9ekn6.jpg,"Second bedroom with large windows at Exhibit On Superior in Chicago, Illinois",apartments__il__chicago__photo-gallery,downloaded
assets/images/image-046-012417-5990-n11px5.jpg,"Couch and accent wall at Exhibit On Superior in Chicago, Illinois",apartments__il__chicago__photo-gallery,downloaded
assets/images/image-047-012417-6106-pktrcl.jpg,"Room with large windows at Exhibit On Superior in Chicago, Illinois",apartments__il__chicago__photo-gallery,downloaded
assets/images/image-048-012417-5784-mqhldb.jpg,"Comfy bed at Exhibit On Superior in Chicago, Illinois",apartments__il__chicago__photo-gallery,downloaded
assets/images/image-049-012417-5711-tfyt08.jpg,"Extra bedroom with large closet at Exhibit On Superior in Chicago, Illinois",apartments__il__chicago__photo-gallery,downloaded
assets/images/image-050-012417-5857-ihelta.jpg,"Bed and closet at Exhibit On Superior in Chicago, Illinois",apartments__il__chicago__photo-gallery,downloaded
assets/images/image-051-012417-5582-dbyi1b.jpg,"Stacked washer and dryer at Exhibit On Superior in Chicago, Illinois",apartments__il__chicago__photo-gallery,downloaded
assets/images/image-052-012417-5599-xirys3.jpg,"Bathroom at Exhibit On Superior in Chicago, Illinois",apartments__il__chicago__photo-gallery,downloaded
assets/images/image-053-012417-5817-fvbupj.jpg,"Bathroom with dark cabinetry at Exhibit On Superior in Chicago, Illinois",apartments__il__chicago__photo-gallery,downloaded
assets/images/image-054-20170808-0677-qicu1y.jpg,"Outdoor lap pool at Exhibit On Superior in Chicago, Illinois",apartments__il__chicago__photo-gallery,downloaded
assets/images/image-055-dji-20230620092832-0149-d-yrh5eg.jpg,"Pool and deck from above at Exhibit On Superior in Chicago, Illinois",apartments__il__chicago__photo-gallery,downloaded
assets/images/image-056-20170808-0721-c60hfw.jpg,"Lounge area by the pool at Exhibit On Superior in Chicago, Illinois",apartments__il__chicago__photo-gallery,downloaded
assets/images/image-057-dji-20230620092900-0153-d-oaedvz.jpg,"Pool and high-rise building at Exhibit On Superior in Chicago, Illinois",apartments__il__chicago__photo-gallery,downloaded
assets/images/image-058-20170808-0843-ymrdpp.jpg,"Firepit seating on the deck at Exhibit On Superior in Chicago, Illinois",apartments__il__chicago__photo-gallery,downloaded
assets/images/image-059-20170808-0852-sw1ncm.jpg,"Large rooftop amenity deck at Exhibit On Superior in Chicago, Illinois",apartments__il__chicago__photo-gallery,downloaded
assets/images/image-060-bt7b3585b-ykt6yu.jpg,"Games on the lawn at Exhibit On Superior in Chicago, Illinois",apartments__il__chicago__photo-gallery,downloaded
assets/images/image-061-012417-6396-e1vomm.jpg,"Fitness center at Exhibit On Superior in Chicago, Illinois",apartments__il__chicago__photo-gallery,downloaded
assets/images/image-062-012417-6604-a7yglt.jpg,"Stationary bikes at Exhibit On Superior in Chicago, Illinois",apartments__il__chicago__photo-gallery,downloaded
assets/images/image-063-012417-6437-nx2ske.jpg,"Meeting table in the lounge at Exhibit On Superior in Chicago, Illinois",apartments__il__chicago__photo-gallery,downloaded
assets/images/image-064-012417-6469-s4tipl.jpg,"Resident lounge with fireplace at Exhibit On Superior in Chicago, Illinois",apartments__il__chicago__photo-gallery,downloaded
assets/images/image-065-012417-6521-i8yuom.jpg,"Spacious resident lounge at Exhibit On Superior in Chicago, Illinois",apartments__il__chicago__photo-gallery,downloaded
assets/images/image-066-game-area-with-arcade-games-and-wall-scrabble-oz.jpg,"Chess board in the lounge at Exhibit On Superior in Chicago, Illinois",apartments__il__chicago__photo-gallery,downloaded
assets/images/image-067-tech-lounge-with-charging-station-and-kitchen-gh.jpg,"Large meeting table at Exhibit On Superior in Chicago, Illinois",apartments__il__chicago__photo-gallery,downloaded
assets/images/image-068-dsc00897-gc3ypb.jpg,"Music studio room at Exhibit On Superior in Chicago, Illinois",apartments__il__chicago__photo-gallery,downloaded
assets/images/image-069-012417-6379-oiufjz.jpg,"Sauna at Exhibit On Superior in Chicago, Illinois",apartments__il__chicago__photo-gallery,downloaded
assets/images/image-070-012417-6535-gpdv36.jpg,"Front desk at Exhibit On Superior in Chicago, Illinois",apartments__il__chicago__photo-gallery,downloaded
assets/images/image-071-bt7b3592-gtyc1i.jpg,"Building entrance at Exhibit On Superior in Chicago, Illinois",apartments__il__chicago__photo-gallery,downloaded
assets/images/image-072-30-north-runyfq.jpg,"View to the North at Exhibit On Superior in Chicago, Illinois",apartments__il__chicago__photo-gallery,downloaded
assets/images/image-073-30-south-kis7bz.jpg,"View to the South from Exhibit On Superior in Chicago, Illinois",apartments__il__chicago__photo-gallery,downloaded
assets/images/image-074-game-area-with-arcade-games-and-wall-scrabble-ej.jpg,"Virtual Tour | Exhibit On Superior in Chicago, Illinois",apartments__il__chicago__virtual-tour,downloaded
assets/images/image-075-20170601-0036-z1fw1i.jpg,"Amenities | Exhibit On Superior in Chicago, Illinois",apartments__il__chicago__amenities,downloaded
assets/images/image-076-012417-5680-yegi2f.jpg,"Kitchen with stainless-steel hardware and appliances at Exhibit On Superior in Chicago, Illinois",apartments__il__chicago__amenities,downloaded
assets/images/image-077-20170808-0721-c60hfw.jpg,"Poolside lounge seating at Exhibit On Superior in Chicago, Illinois",apartments__il__chicago__amenities,downloaded
assets/images/image-078-30-east-uv4eol.jpg,"View to the east from Exhibit On Superior in Chicago, Illinois",apartments__il__chicago__amenities,downloaded
assets/images/image-079-gettyimages-1440280890-ox4ske.jpg,"Pet Friendly | Exhibit On Superior in Chicago, Illinois",apartments__il__chicago__pet-friendly,downloaded
assets/images/image-080-gettyimages-1386939001-lrrzhc.jpg,"Happy dog on a walk outside at Exhibit On Superior in Chicago, Illinois",apartments__il__chicago__pet-friendly,downloaded
assets/images/image-081-20170926-1450-wmbiod.jpg,"Neighborhood | Exhibit On Superior in Chicago, Illinois",apartments__il__chicago__neighborhood,downloaded
assets/images/image-082-bt7b3562-adimkf.jpg,"Street view of the city near Exhibit On Superior in Chicago, Illinois",apartments__il__chicago__neighborhood,downloaded
assets/images/image-083-dsc00806-yr6rhk.jpg,"Artist-in-Residence | Exhibit On Superior in Chicago, Illinois",apartments__il__chicago__artist-in-residence,downloaded
assets/images/image-084-20170601-0076-p0s5be.jpg,"Contact Us | Exhibit On Superior in Chicago, Illinois",apartments__il__chicago__contact-us,downloaded
assets/images/image-085-30-south-kis7bz.jpg,"Map + Directions | Exhibit On Superior in Chicago, Illinois",apartments__il__chicago__map-directions,downloaded
assets/images/image-086-work-spaces-with-blazing-fast-wifi-access-d3tr2q.jpg,"Residents | Exhibit On Superior in Chicago, Illinois",apartments__il__chicago__residents,downloaded
assets/images/image-087-012417-5548-ocwsdh.jpg,"Schedule a Tour | Exhibit On Superior in Chicago, Illinois",apartments__il__chicago__schedule-a-tour,downloaded
assets/images/image-088-20170808-0868-1-odeo9b.jpg,"Reviews | Exhibit On Superior in Chicago, Illinois",apartments__il__chicago__reviews,downloaded
