nav_label,old_path,new_path,source_url,page_title,seo_title,h1,meta_description,target_queries,answer_summary,faq_count,image_count,embeds,status
Home,/,/,https://www.rentatexhibit.com,Urban Living Never Looked So Good,River North Chicago Apartments | Exhibit On Superior,Urban Living Never Looked So Good,"Explore Exhibit On Superior, a River North Chicago apartment community with studio, one, two, and three-bedroom homes, skyline views, amenities, and on-site retail.",River North Chicago apartments; apartments near Millennium Park; downtown Chicago apartments; Exhibit On Superior,"Exhibit On Superior is a River North apartment community at 165 W Superior St in Chicago with studio, one, two, and three-bedroom apartments, full-building amenities, on-site retail, and quick access to downtown neighborhoods.",3,29,,active
Floor Plans,/apartments/il/chicago/floor-plans,/floor-plans,https://www.rentatexhibit.com/apartments/il/chicago/floor-plans,"Smartly Designed Residences Studio, 1, 2 & 3 Bedroom Apartments","Studio, 1, 2 & 3 Bedroom Floor Plans | Exhibit On Superior","Smartly Designed Residences Studio, 1, 2 & 3 Bedroom Apartments","Review studio, one, two, and three-bedroom floor plan content for Exhibit On Superior in River North Chicago, then check current availability through Highland.",Exhibit On Superior floor plans; studio apartments River North; one bedroom apartments River North; two bedroom apartments River North,"Exhibit On Superior has studio, one, two, and three-bedroom floor plan options in River North Chicago. The floor plans page should stay on-site, while current unit availability routes to Highland's availability page and applications route to AppFolio.",3,4,https://sightmap.com/embed/r5v516ejwny,active
Photo Gallery,/apartments/il/chicago/photo-gallery,/photo-gallery,https://www.rentatexhibit.com/apartments/il/chicago/photo-gallery,The Art of City Living,Photo Gallery | Exhibit On Superior Chicago Apartments,The Art of City Living,"View apartment, amenity, skyline, and community photos for Exhibit On Superior in Chicago's River North neighborhood.",Exhibit On Superior photos; River North apartment photos; Chicago apartment gallery,"The Exhibit On Superior photo gallery shows apartment interiors, amenity spaces, skyline views, and community areas for the River North Chicago property.",2,42,,active
Virtual Tour,/apartments/il/chicago/virtual-tour,/virtual-tour,https://www.rentatexhibit.com/apartments/il/chicago/virtual-tour,See Yourself Here,Virtual Tours | Exhibit On Superior Apartments Chicago,See Yourself Here,Take a virtual tour of Exhibit On Superior apartments and amenities in River North Chicago with video and Matterport tour embeds.,Exhibit On Superior virtual tour; River North apartment virtual tour; Matterport apartment tour Chicago,The virtual tour page lets renters preview Exhibit On Superior remotely through video and Matterport tours of apartment homes and amenity spaces.,2,2,https://player.vimeo.com/video/968009600?rel=0 | https://my.matterport.com/show/?m=773kQcHxLnz | https://my.matterport.com/show/?m=kthJKtuPTJ4 | https://my.matterport.com/show/?m=CiWCwCJuZ9c,active
Amenities,/apartments/il/chicago/amenities,/amenities,https://www.rentatexhibit.com/apartments/il/chicago/amenities,Endless opportunities Your urban playground,Amenities | Exhibit On Superior River North Apartments,Endless opportunities Your urban playground,"Explore Exhibit On Superior amenities, including a full-floor amenity deck, fitness center, pool, lounges, work areas, dog spa, and on-site lifestyle retail.",River North apartments with pool; Chicago apartments with fitness center; Exhibit On Superior amenities,"Exhibit On Superior amenities include a full-floor amenity deck, fitness center, pool, hot tub, lounges, work and meeting rooms, dog spa, private park access, and on-site retail and wellness options.",2,9,,active
Pet Friendly,/apartments/il/chicago/pet-friendly,/pet-friendly,https://www.rentatexhibit.com/apartments/il/chicago/pet-friendly,Dogs & Cats Say Hello to Pet-Friendly Living In Chicago,Pet-Friendly Apartments in River North | Exhibit On Superior,Dogs & Cats Say Hello to Pet-Friendly Living In Chicago,"Learn about pet-friendly living at Exhibit On Superior in Chicago, including dog and cat-friendly apartment content and on-site pet amenities.",pet friendly apartments River North; dog friendly apartments Chicago; Exhibit On Superior pets,"Exhibit On Superior is positioned as a pet-friendly River North apartment community for cats and dogs, with pet-focused amenities such as a dog spa and outdoor dog walk. Renters should confirm current pet fees, limits, and breed policies with the leasing team.",3,3,,active
Neighborhood,/apartments/il/chicago/neighborhood,/neighborhood,https://www.rentatexhibit.com/apartments/il/chicago/neighborhood,Get out and Explore The Best of River North,River North Neighborhood | Exhibit On Superior Chicago,Get out and Explore The Best of River North,"Explore the River North location around Exhibit On Superior, close to dining, cafes, shopping, parks, the Chicago River, West Loop, Old Town, and Fulton Market.",River North apartments; apartments near Chicago River; apartments near West Loop and Old Town,"Exhibit On Superior is in River North, with quick access to downtown Chicago dining, cafes, shopping, the Chicago River, West Loop, Old Town, and Fulton Market.",2,3,,active
Artist-in-Residence,/apartments/il/chicago/artist-in-residence,/artist-in-residence,https://www.rentatexhibit.com/apartments/il/chicago/artist-in-residence,Artist-in-Residence Program: A Home Where Art and Music Thrive,Artist-in-Residence Program | Exhibit On Superior,Artist-in-Residence Program: A Home Where Art and Music Thrive,Learn about the Artist-in-Residence program at Exhibit On Superior and how the community connects residents with local art and music experiences.,Exhibit On Superior artist in residence; Chicago apartments art program; River North creative apartment community,The Artist-in-Residence page presents Exhibit On Superior as a community with art and music programming that supports local creative experiences for residents.,2,2,https://player.vimeo.com/video/358844745?rel=0,active
Contact Us,/apartments/il/chicago/contact-us,/contact-us,https://www.rentatexhibit.com/apartments/il/chicago/contact-us,Get in touch,Contact Exhibit On Superior | River North Chicago Apartments,Get in touch,Contact Exhibit On Superior in Chicago's River North neighborhood. Email exhibit@highlandptrs.com or call 312-450-0635.,Contact Exhibit On Superior; Exhibit On Superior phone number; Exhibit On Superior leasing office,"To contact Exhibit On Superior, email exhibit@highlandptrs.com, call 312-450-0635, or visit 165 W Superior St, Chicago, IL 60654.",3,2,,active
Map + Directions,/apartments/il/chicago/map-directions,/map-directions,https://www.rentatexhibit.com/apartments/il/chicago/map-directions,Driving Directions to Exhibit On Superior,Map & Directions | Exhibit On Superior Chicago IL,Driving Directions to Exhibit On Superior,Get map and direction information for Exhibit On Superior at 165 W Superior St in Chicago's River North neighborhood.,Exhibit On Superior address; 165 W Superior St Chicago; directions to Exhibit On Superior,"Exhibit On Superior is located at 165 W Superior St, Chicago, IL 60654. The map and directions page should link to the current Google Business Profile map listing.",2,2,,active
Residents,/apartments/il/chicago/residents,/residents,https://www.rentatexhibit.com/apartments/il/chicago/residents,Resident Life Made Simple,Resident Resources | Exhibit On Superior,Resident Life Made Simple,Resident resource page for Exhibit On Superior. Replace prior resident portal links with the current AppFolio resident portal once confirmed.,Exhibit On Superior resident portal; Exhibit On Superior residents; AppFolio resident portal Exhibit On Superior,"The residents page should help current residents find portal, payment, maintenance, and contact resources. The old resident login should be replaced with Highland's current AppFolio resident portal URL once confirmed.",2,2,,active
Schedule a Tour,/apartments/il/chicago/schedule-a-tour,/schedule-a-tour,https://www.rentatexhibit.com/apartments/il/chicago/schedule-a-tour,Let us show you around,Schedule a Tour | Exhibit On Superior Apartments,Let us show you around,Schedule a tour of Exhibit On Superior in River North Chicago. Email exhibit@highlandptrs.com or call 312-450-0635.,Schedule Exhibit On Superior tour; tour River North apartments; Exhibit On Superior leasing tour,"Prospective renters can schedule a tour of Exhibit On Superior by emailing exhibit@highlandptrs.com or calling 312-450-0635. If Highland adopts a scheduling tool, this page should point to that tool.",2,2,,active
Reviews,/apartments/il/chicago/reviews,/reviews,https://www.rentatexhibit.com/apartments/il/chicago/reviews,Exhibit On Superior Reviews,Reviews | Exhibit On Superior Chicago Apartments,Exhibit On Superior Reviews,Read review-oriented content for Exhibit On Superior and connect the rebuilt page to Highland's preferred review source or Google Business Profile.,Exhibit On Superior reviews; River North apartment reviews; Chicago apartment reviews,"The reviews page should connect renters to current, verifiable review sources for Exhibit On Superior, ideally the Google Business Profile or Highland's reputation-management provider.",2,2,,active
Available Units,,https://www.highlandptrs.com/chicago-availability?search=exhibit,,Available Units,Available Units | Exhibit On Superior Chicago Apartments,Available Units,View current availability through Highland Management LLC.,Exhibit On Superior availability; Exhibit On Superior available units; River North apartment availability,Current Exhibit On Superior availability is maintained by Highland Management LLC at https://www.highlandptrs.com/chicago-availability?search=exhibit.,2,0,,external Highland availability link
Apply Now,/apartments/il/chicago/apply,https://highlandrealestatepartners.appfolio.com/apply/9ccea374-8cca-48fa-8f86-4aff06b01f03/start?source=Website,,Apply Now,Apply Now | Exhibit On Superior,Apply Now,Start an AppFolio application for Exhibit On Superior.,Apply Exhibit On Superior; Exhibit On Superior application; AppFolio Exhibit On Superior,Applications for Exhibit On Superior should start through AppFolio at https://highlandrealestatepartners.appfolio.com/apply/9ccea374-8cca-48fa-8f86-4aff06b01f03/start?source=Website.,2,0,,external AppFolio application link
