url,status,title,h1,canonical,meta_description,robots,heading_count,image_count,word_count,provenance,notes
https://www.siennachicago.com/,200,"Apartments for Rent in Chicago, Illinois | Streeterville Apartments | Sienna Flats",Boutique Rental Living,,Sienna,,6,4,283,wayback:20160913143859,
https://www.siennachicago.com/about-us,200,About Us - Sienna,About Us,https://www.siennachicago.com/about-us/,"Sienna luxury apartment rentals in Chicago, Illinois provide spacious modern living in the downtown region for business professionals.",,4,7,217,wayback:20190717131227,
https://www.siennachicago.com/accessibility,200,RentCafe Accessibility,,https://www.siennachicago.com/accessibility,,,0,1,30,wayback:20231129223956,
https://www.siennachicago.com/amenities,200,Sienna Chicago | Apartment and Community Amenities,Amenities,https://www.siennachicago.com/amenities,"View unit and community amenities for Sienna Chicago in Chicago, IL.",,11,4,632,wayback:20231129210030,
https://www.siennachicago.com/brochure,200,Sienna Chicago eBrochure,eBrochure,https://www.siennachicago.com/brochure,"Email or print a brochure from Sienna Chicago in Chicago, IL.",,11,4,677,wayback:20231129205141,
https://www.siennachicago.com/contact-us,200,Contact Us - Sienna,Contact Us,https://www.siennachicago.com/contact-us/,Reach out to our property management staff to inquire about rental unit leasing at our luxurious Sienna building in downtown Chicago.,,6,6,135,wayback:20190717122039,
https://www.siennachicago.com/contactus,200,Contact Sienna Chicago to Schedule a Visit,Contact Us,https://www.siennachicago.com/contactus,"Learn more about Sienna Chicago in Chicago, IL and schedule a visit.",,10,5,669,wayback:20231129211248,
https://www.siennachicago.com/faq,200,faq - Sienna,faq,https://www.siennachicago.com/faq/,,,3,6,248,wayback:20190717123819,
https://www.siennachicago.com/floorplans,200,"Floor Plans of Sienna Chicago in Chicago, IL",Floor Plans,https://www.siennachicago.com/floorplans,"Check for available units at Sienna Chicago in Chicago, IL. View floor plans, photos, and community amenities. Make Sienna Chicago your new home.",,35,27,1134,wayback:20231129205319,
https://www.siennachicago.com/floorplans/unit-1,200,"Sienna Chicago | Apartments in Chicago, IL | RENTCafe",Floor Plans,https://www.siennachicago.com/floorplans/unit-1,"Check out photos, floor plans, amenities, rental rates & availability at Sienna Chicago, Chicago, IL and submit your lease application today!",,19,7,836,wayback:20231129220818,
https://www.siennachicago.com/floorplans/unit-10,200,"Sienna Chicago | Apartments in Chicago, IL | RENTCafe",Floor Plans,https://www.siennachicago.com/floorplans/unit-10,"Check out photos, floor plans, amenities, rental rates & availability at Sienna Chicago, Chicago, IL and submit your lease application today!",,20,7,853,wayback:20231129210846,
https://www.siennachicago.com/floorplans/unit-2,200,"Sienna Chicago | Apartments in Chicago, IL | RENTCafe",Floor Plans,https://www.siennachicago.com/floorplans/unit-2,"Check out photos, floor plans, amenities, rental rates & availability at Sienna Chicago, Chicago, IL and submit your lease application today!",,18,8,826,wayback:20231129204805,
https://www.siennachicago.com/floorplans/unit-8,200,"Sienna Chicago | Apartments in Chicago, IL | RENTCafe",Floor Plans,https://www.siennachicago.com/floorplans/unit-8,"Check out photos, floor plans, amenities, rental rates & availability at Sienna Chicago, Chicago, IL and submit your lease application today!",,21,7,941,wayback:20250803090309,
https://www.siennachicago.com/floorplans/unit-9,200,"Sienna Chicago | Apartments in Chicago, IL | RENTCafe",Floor Plans,https://www.siennachicago.com/floorplans/unit-9,"Check out photos, floor plans, amenities, rental rates & availability at Sienna Chicago, Chicago, IL and submit your lease application today!",,18,8,818,wayback:20231129211810,
https://www.siennachicago.com/gallery,200,Gallery - Sienna,Gallery,https://www.siennachicago.com/gallery/,Our residences are designed to make the everyday extraordinary. Take a look at our photo gallery of Sienna in the heart of Chicago.,,5,45,75,wayback:20190717124427,
https://www.siennachicago.com/mapsanddirections,200,"Map and Directions to Sienna Chicago in Chicago, IL",Map & Directions,https://www.siennachicago.com/mapsanddirections,"Visit us at Sienna Chicago in Chicago, IL. View map and get directions.",,8,6,468,wayback:20231129210127,
https://www.siennachicago.com/neighborhood,200,Neighborhood - Sienna,Neighborhood,https://www.siennachicago.com/neighborhood/,"Learn more about the neighborhood you&#039;ll be living in at Sienna Flats in Streeterville, Chicago.",,4,8,139,wayback:20190717124719,
https://www.siennachicago.com/photogallery,200,"Photos and Video of Sienna Chicago in Chicago, IL",Photo Gallery,https://www.siennachicago.com/photogallery,View high resolution photos and video tours of Sienna Chicago. Check out photos of model units and community features.,,8,38,453,wayback:20231129210221,
https://www.siennachicago.com/privacypolicy,200,RentCafe Privacy Policy,Privacy Policy,https://www.siennachicago.com/privacypolicy,,"noindex, nofollow",2,1,2294,wayback:20231129212651,
https://www.siennachicago.com/property-details,200,Features & Floorplans - Sienna,Features &#038; Floorplans,https://www.siennachicago.com/property-details/,"Learn more about the specific details of our units at Sienna in the heart of downtown Chicago, Illinoise.",,12,8,438,wayback:20190717122044,
https://www.siennachicago.com/scheduletour,200,"Sienna Chicago | Apartments in Chicago, IL | RENTCafe",Schedule A Tour,https://www.siennachicago.com/scheduletour,"Check out photos, floor plans, amenities, rental rates & availability at Sienna Chicago, Chicago, IL and submit your lease application today!",,14,6,818,wayback:20231129225926,
https://www.siennachicago.com/sitemap,200,Sitemap |,Sitemap,,,,5,6,119,wayback:20190717130730,
https://www.siennachicago.com/tenant,200,Tenants - Sienna,Tenants,https://www.siennachicago.com/tenant/,"The Sienna has luxury rental apartments available in the central downtown Chicago, Illinois area. Come see the beautiful rental units we have for you.",,4,7,223,wayback:20190717125331,
https://www.siennachicago.com/tenant/maintenance-request,200,Maintenance Request - Sienna,Maintenance Request,https://www.siennachicago.com/tenant/maintenance-request/,Our tenants can submit maintenance requests online through their tenant portal 24/7. Log in to your portal or get started here on our website!,,4,6,120,wayback:20190717131443,
https://www.siennachicago.com/tenant/pay-rent-online,200,Pay Rent Online - Sienna,Pay Rent Online,https://www.siennachicago.com/tenant/pay-rent-online/,Our tenants can pay their rent online through their tenant portal at any time. Fill out the form here to request your tenant portal activation link!,,6,6,180,wayback:20190717131316,
https://www.siennachicago.com/termsandconditions,200,RentCafe - Terms & Conditions,RENTCafé TERMS OF SERVICE,https://www.siennachicago.com/termsandconditions,,"noindex, nofollow",1,1,6985,wayback:20231129223657,
https://www.siennachicago.com/vacancies,200,Vacancies - Sienna,Vacancies,https://www.siennachicago.com/vacancies/,"View our current vacancies and apply online at Sienna in the heart of downtown Chicago, Illinoise.",,7,7,150,wayback:20190717131001,
