Name,Slug,Page Title,SEO Title,SEO Description,H1,Target Queries,AEO Answer Summary,FAQ Count,Body HTML,Old URL
Home,home,Urban Living Never Looked So Good,River North Chicago Apartments | Exhibit On Superior,"Explore Exhibit On Superior, a River North Chicago apartment community with studio, one, two, and three-bedroom homes, skyline views, amenities, and on-site retail.",Urban Living Never Looked So Good,River North Chicago apartments; apartments near Millennium Park; downtown Chicago apartments; Exhibit On Superior,"Exhibit On Superior is a River North apartment community at 165 W Superior St in Chicago with studio, one, two, and three-bedroom apartments, full-building amenities, on-site retail, and quick access to downtown neighborhoods.",3,"<p>Sleek Design for Modern Living Chicago Apartments</p>
<p><a href=""/floor-plans"">View Floor Plans</a></p>
<p>Smart living on display in Downtown Chicago</p>
<p><a href=""#"">Schedule a Tour</a></p>
<p>312-450-0635 165 W Superior St, Chicago, IL 60654</p>
<p>Views for days</p>
<p>Cozy comfort</p>
<p>Sun soaked vibes</p>
<p>Sweat Session</p>
<h1>Urban Living Never Looked So Good</h1>
<section class=""answer-block"" id=""quick-answer"">
<h2>Quick Answer</h2>
<p>Exhibit On Superior is a River North apartment community at 165 W Superior St in Chicago with studio, one, two, and three-bedroom apartments, full-building amenities, on-site retail, and quick access to downtown neighborhoods.</p>
</section>
<section class=""faq-block"" id=""common-questions"">
<h2>Common Questions</h2>
<h3>Where is Exhibit On Superior located?</h3>
<p>Exhibit On Superior is located at 165 W Superior St, Chicago, IL 60654 in the River North area.</p>
<h3>What apartment sizes are available at Exhibit On Superior?</h3>
<p>The community offers studio, one, two, and three-bedroom apartment homes. Current availability is maintained through Highland Management LLC.</p>
<h3>How do I check current availability?</h3>
<p>Use the Available Units link to view current Exhibit On Superior availability: https://www.highlandptrs.com/chicago-availability?search=exhibit.</p>
</section>
<p>Discover the perfect fit for your on-the-go lifestyle at Exhibit on Superior, where modern apartments in Chicago’s vibrant River North neighborhood put everything within reach. From fitness to food to relaxation, CycleBar, Club Pilates, Goddess and the Baker, Train Moment, and LaPerior Foot Spa are all right here in the building. This is your social hub, entertainment zone, wellness retreat, and relaxing oasis all rolled into one, with endless amenities at every turn. At Exhibit on Superior, every day is anything but ordinary.</p>
<p><a href=""/amenities"">View our amenities</a></p>
<h2>Get A Glimpse Of the Exhibit On Superior Lifestyle</h2>
<p><a href=""/photo-gallery"">Photo Gallery</a></p>
<h2>Slide into our DMs</h2>
<h2>Less clutter. Less ""stuff"" More time. More Freedom</h2>
<p>Exhibit on Superior is not one-size fits all. It’s designed to be a true original, every bit as unique as you are. Living here is all about creating a complete lifestyle that lets you be you while efficiently using your time and space how you want. Our sleek, contemporary homes are meant for relaxed lounging, formal entertaining, and everything in between. Choose from stylishly appointed studio, one, two, and three-bedroom apartments designed with comfort and brimming with style.</p>
<p>Want to learn more? Start the conversation today with one of our leasing agents.</p>
<p><a href=""/floor-plans"">View floor plans</a></p>
<h2>Connect With Us on Social Media</h2>
<h2>Urban Bliss Just Outside Your Door</h2>
<p>Make the most of the vibrant city with a home base that puts everything at your fingertips. From cozy cafés and trendy restaurants to sprawling parks and convenient shops, you’ll find it all just steps away. Take a quick trip to Target or spend the afternoon along the Chicago River.</p>
<p>Located in River North, our welcoming neighborhood offers the perfect blend of energy and ease with West Loop, Old Town, and Fulton Market just minutes away for even more dining, shopping, and cultural experiences. When it’s time to head out, nearby access to major roadways and public transit makes getting around the city a breeze.</p>
<p>Exhibit on Superior is your urban hub for fun and convenience in the heart of Chicago.</p>
<p><a href=""/neighborhood"">Explore The Neighborhood</a></p>
<p>Embrace Unbounded City Living At Exhibit On Superior</p>
<p><a href=""/contact-us"">Contact Us</a></p>",/
Floor Plans,floor-plans,"Smartly Designed Residences Studio, 1, 2 & 3 Bedroom Apartments","Studio, 1, 2 & 3 Bedroom Floor Plans | Exhibit On Superior","Review studio, one, two, and three-bedroom floor plan content for Exhibit On Superior in River North Chicago, then check current availability through Highland.","Smartly Designed Residences Studio, 1, 2 & 3 Bedroom Apartments",Exhibit On Superior floor plans; studio apartments River North; one bedroom apartments River North; two bedroom apartments River North,"Exhibit On Superior has studio, one, two, and three-bedroom floor plan options in River North Chicago. The floor plans page should stay on-site, while current unit availability routes to Highland's availability page and applications route to AppFolio.",3,"<p>Floor Plans</p>
<h1>Smartly Designed Residences Studio, 1, 2 &amp; 3 Bedroom Apartments</h1>
<section class=""answer-block"" id=""quick-answer"">
<h2>Quick Answer</h2>
<p>Exhibit On Superior has studio, one, two, and three-bedroom floor plan options in River North Chicago. The floor plans page should stay on-site, while current unit availability routes to Highland's availability page and applications route to AppFolio.</p>
</section>
<section class=""faq-block"" id=""common-questions"">
<h2>Common Questions</h2>
<h3>Does Exhibit On Superior have studio apartments?</h3>
<p>Yes. Exhibit On Superior includes studio floor plan options along with one, two, and three-bedroom homes.</p>
<h3>Where can I see available units?</h3>
<p>Current availability is handled through Highland Management LLC at https://www.highlandptrs.com/chicago-availability?search=exhibit.</p>
<h3>Where do I apply?</h3>
<p>Applications should use the AppFolio Apply Now link: https://highlandrealestatepartners.appfolio.com/apply/9ccea374-8cca-48fa-8f86-4aff06b01f03/start?source=Website.</p>
</section>
<p><iframe src=""https://sightmap.com/embed/r5v516ejwny"" title=""Exhibit On Superior site map"" loading=""lazy""></iframe></p>
<h2>Live smart, Live Beautifully Studio, 1, 2 &amp; 3 Bedroom Floor Plans</h2>
<p>Choose your perfect floor plan and step up to a trend-forward home that provides the ultimate respite from the hustle and bustle of Chicago. Packed with stylish features and life-enhancing extras, the studio, one, two, and three bedroom apartments at Exhibit On Superior are designed for ultimate modern living. Enjoy a space that's uniquely yours, perfect for both relaxing and entertaining right here at Exhibit.</p>
<p><a href=""https://highlandrealestatepartners.appfolio.com/apply/9ccea374-8cca-48fa-8f86-4aff06b01f03/start?source=Website"">Apply Now</a></p>
<h2>Your Space, Your Style Where creativity and city life collide</h2>
<p>Welcome home to your high-rise hideaway to a living space as vibrant as Chicago itself. Our apartments strike the perfect balance of style, comfort, and functionality in the heart of River North. Retreat to your personal sanctuary, where thoughtfully designed bedrooms feature floor-to-ceiling windows that frame stunning city views, ensuring that your private oasis is as beautiful as it is comfortable. Your dream home is just a move away!</p>
<p><a href=""/photo-gallery"">See More Photos</a></p>
<p>Embrace Unbounded City Living At Exhibit On Superior</p>
<p><a href=""/contact-us"">Contact Us</a></p>
<p><a href=""https://www.highlandptrs.com/chicago-availability?search=exhibit"">View Available Units</a></p>
<p><a href=""https://highlandrealestatepartners.appfolio.com/apply/9ccea374-8cca-48fa-8f86-4aff06b01f03/start?source=Website"">Apply Now</a></p>",/apartments/il/chicago/floor-plans
Photo Gallery,photo-gallery,The Art of City Living,Photo Gallery | Exhibit On Superior Chicago Apartments,"View apartment, amenity, skyline, and community photos for Exhibit On Superior in Chicago's River North neighborhood.",The Art of City Living,Exhibit On Superior photos; River North apartment photos; Chicago apartment gallery,"The Exhibit On Superior photo gallery shows apartment interiors, amenity spaces, skyline views, and community areas for the River North Chicago property.",2,"<p>Photo Gallery</p>
<h1>The Art of City Living</h1>
<section class=""answer-block"" id=""quick-answer"">
<h2>Quick Answer</h2>
<p>The Exhibit On Superior photo gallery shows apartment interiors, amenity spaces, skyline views, and community areas for the River North Chicago property.</p>
</section>
<section class=""faq-block"" id=""common-questions"">
<h2>Common Questions</h2>
<h3>What can I see in the Exhibit On Superior photo gallery?</h3>
<p>The gallery includes apartment interiors, amenity spaces, city views, pool and fitness areas, lounges, and shared community spaces.</p>
<h3>Can I tour the community virtually?</h3>
<p>Yes. Use the Virtual Tour page for Matterport and video tour content.</p>
</section>
<p>Discover your next home at Exhibit On Superior and put yourself in the picture. After all, if life is art, you might as well make it a masterpiece.</p>
<p>Our modern apartments and curated community spaces set the standard for ideal urban living. Whether you’re an always on-the-go mover and shaker or more of a quiet homebody, you’ll find your new happy here at Exhibit On Superior.</p>
<h2>Apartment Gallery</h2>
<h2>Community Gallery</h2>
<p>Embrace Unbounded City Living At Exhibit On Superior</p>
<p><a href=""/contact-us"">Contact Us</a></p>",/apartments/il/chicago/photo-gallery
Virtual Tour,virtual-tour,See Yourself Here,Virtual Tours | Exhibit On Superior Apartments Chicago,Take a virtual tour of Exhibit On Superior apartments and amenities in River North Chicago with video and Matterport tour embeds.,See Yourself Here,Exhibit On Superior virtual tour; River North apartment virtual tour; Matterport apartment tour Chicago,The virtual tour page lets renters preview Exhibit On Superior remotely through video and Matterport tours of apartment homes and amenity spaces.,2,"<p>Virtual Tour</p>
<h1>See Yourself Here</h1>
<section class=""answer-block"" id=""quick-answer"">
<h2>Quick Answer</h2>
<p>The virtual tour page lets renters preview Exhibit On Superior remotely through video and Matterport tours of apartment homes and amenity spaces.</p>
</section>
<section class=""faq-block"" id=""common-questions"">
<h2>Common Questions</h2>
<h3>Does Exhibit On Superior offer virtual tours?</h3>
<p>Yes. The virtual tour page includes video and Matterport tour embeds for apartment and amenity previews.</p>
<h3>Can I still schedule an in-person tour?</h3>
<p>Yes. Prospects can contact the leasing team by phone or email to schedule a tour.</p>
</section>
<p>Take a virtual tour of Exhibit On Superior in Chicago, Illinois. Our virtual tour is the next best thing to seeing it in person. See more of our amenities and in-home features by visiting us in person, or by heading to our Photo Gallery page for a more detailed look at our community. Reach out to our friendly leasing staff to schedule your tour today.</p>
<p><a href=""/photo-gallery"">Photo Gallery</a></p>
<p><iframe src=""https://player.vimeo.com/video/968009600?rel=0"" title=""Life at Exhibit On Superior"" loading=""lazy""></iframe></p>
<p><iframe src=""https://my.matterport.com/show/?m=773kQcHxLnz"" title=""Exhibit 2104 at Exhibit On Superior in Chicago, Illinois"" loading=""lazy""></iframe></p>
<p><iframe src=""https://my.matterport.com/show/?m=kthJKtuPTJ4"" title=""Exhibit 605 at Exhibit On Superior in Chicago, Illinois"" loading=""lazy""></iframe></p>
<p><iframe src=""https://my.matterport.com/show/?m=CiWCwCJuZ9c"" title=""Amenities at Exhibit On Superior in Chicago, Illinois"" loading=""lazy""></iframe></p>
<p>Embrace Unbounded City Living At Exhibit On Superior</p>
<p><a href=""/contact-us"">Contact Us</a></p>",/apartments/il/chicago/virtual-tour
Amenities,amenities,Endless opportunities Your urban playground,Amenities | Exhibit On Superior River North Apartments,"Explore Exhibit On Superior amenities, including a full-floor amenity deck, fitness center, pool, lounges, work areas, dog spa, and on-site lifestyle retail.",Endless opportunities Your urban playground,River North apartments with pool; Chicago apartments with fitness center; Exhibit On Superior amenities,"Exhibit On Superior amenities include a full-floor amenity deck, fitness center, pool, hot tub, lounges, work and meeting rooms, dog spa, private park access, and on-site retail and wellness options.",2,"<p>Amenities</p>
<h1>Endless opportunities Your urban playground</h1>
<section class=""answer-block"" id=""quick-answer"">
<h2>Quick Answer</h2>
<p>Exhibit On Superior amenities include a full-floor amenity deck, fitness center, pool, hot tub, lounges, work and meeting rooms, dog spa, private park access, and on-site retail and wellness options.</p>
</section>
<section class=""faq-block"" id=""common-questions"">
<h2>Common Questions</h2>
<h3>What amenities does Exhibit On Superior offer?</h3>
<p>Amenities include a full-floor amenity deck, fitness center, pool, hot tub, lounge spaces, work rooms, dog spa, grilling stations, fire pits, and outdoor areas.</p>
<h3>Does Exhibit On Superior have on-site retail?</h3>
<p>Yes. The property content references on-site retail and wellness options including fitness, food, and spa services.</p>
</section>
<p>At Exhibit on Superior, we want to expand your living space beyond your apartment. So, we’ve created what feels like your own private clubhouse, where every amenity is a masterpiece designed to inspire, energize, and elevate your lifestyle. From sunrise spin sessions to sunset sauna detoxes, our wellness offerings are stacked and ready to match your pace.</p>
<p>Whether you're soaking in the skyline from our full-floor amenity deck, powering through a workout in the professional-grade fitness center, or relaxing in the cozy tech lounge, each space is crafted to spark creativity, connection, and comfort.</p>
<p>At Exhibit, we believe in living beyond the expected. Let your imagination run wild, follow your whims, and redefine what home can be. Welcome to a life lived outside the box.</p>
<p>Views for days</p>
<p>Cozy comfort</p>
<p>Sun Soaked Vibes</p>
<p>Sweat Session</p>
<h2>Apartment Features</h2>
<li>Dramatic Floor-to-Ceiling Windows</li>
<li>Private Balconies</li>
<li>Panoramic Views Of The Chicago Skyline</li>
<li>Driftwood Plank Floors Throughout</li>
<li>Energy Saving Stainless-Steel Appliances</li>
<li>Front Control Gas Range And Oven</li>
<li>Garbage Disposal</li>
<li>In-Home Washer/Dryer</li>
<li>Modern Kitchen Cabinetry With Decorative Hardware</li>
<li>Quartz Countertops</li>
<li>Tiled Backsplash</li>
<li>Undermount Sinks</li>
<li>Sleek Modern Fixtures</li>
<li>Closet Organizers In Select Units</li>
<li>Double Vanities In Select Units</li>
<li>Subway Tile Bath Surround</li>
<li>Wired For 1GB</li>
<p><a href=""/photo-gallery"">View Photo Gallery</a></p>
<h2>Community Amenities</h2>
<li>Full Floor Amenity Deck Overlooking The City And Private Park</li>
<li>Fitness Center With Two Private Training Rooms</li>
<li>Cardio Equipment And Spin Bikes</li>
<li>Boxing Simulator</li>
<li>Free Weights</li>
<li>Tech Lounge With Charging Station And Kitchen</li>
<li>Lounge With Fireplace And Big Screen TV</li>
<li>Game Area With Arcade Games And Wall Scrabble</li>
<li>Private Work And Meeting Rooms</li>
<li>Library Nook</li>
<li>Private Dining Room And Party Suite</li>
<li>Reading And Charging Alcoves</li>
<li>Sauna And Wet Lounge Leading To Outdoor Deck</li>
<li>75' Lap Pool</li>
<li>Outdoor Hot Tub</li>
<li>Four Grilling Stations</li>
<li>Four Fire Pits</li>
<li>Doggie Spa And Lounge</li>
<li>Gated Outdoor Dog Walk</li>
<li>Private Park With One Of A Kind Sculpture From Internationally Acclaimed Sculptor Pal Svensson</li>
<p><a href=""/photo-gallery"">View Photo Gallery</a></p>
<h2>Discover the Beauty Of Being at Home</h2>
<p>Home is more than just where you live, it’s where you thrive. Whether you're fueling up, working out, or winding down, everything you need to feel your best is just steps away.Start your day with an energizing workout at CycleBar or Club Pilates, then grab your favorite coffee and a sweet treat from Goddess and the Baker, all within the building. Reset and recharge with a session at LaPerior Foot Spa or challenge yourself at Train Moment for a next level fitness experience.</p>
<p>From wellness to indulgence, our on-site retail and lifestyle options bring everyday convenience right to your doorstep. Live well without the hassle, without the commute, and always on your terms. Because convenience isn’t an extra, it’s a way of life at Exhibit on Superior.</p>
<p>Embrace Unbounded City Living At Exhibit On Superior</p>
<p><a href=""/contact-us"">Contact Us</a></p>",/apartments/il/chicago/amenities
Pet Friendly,pet-friendly,Dogs & Cats Say Hello to Pet-Friendly Living In Chicago,Pet-Friendly Apartments in River North | Exhibit On Superior,"Learn about pet-friendly living at Exhibit On Superior in Chicago, including dog and cat-friendly apartment content and on-site pet amenities.",Dogs & Cats Say Hello to Pet-Friendly Living In Chicago,pet friendly apartments River North; dog friendly apartments Chicago; Exhibit On Superior pets,"Exhibit On Superior is positioned as a pet-friendly River North apartment community for cats and dogs, with pet-focused amenities such as a dog spa and outdoor dog walk. Renters should confirm current pet fees, limits, and breed policies with the leasing team.",3,"<p>Pet Friendly</p>
<h1>Dogs &amp; Cats Say Hello to Pet-Friendly Living In Chicago</h1>
<section class=""answer-block"" id=""quick-answer"">
<h2>Quick Answer</h2>
<p>Exhibit On Superior is positioned as a pet-friendly River North apartment community for cats and dogs, with pet-focused amenities such as a dog spa and outdoor dog walk. Renters should confirm current pet fees, limits, and breed policies with the leasing team.</p>
</section>
<section class=""faq-block"" id=""common-questions"">
<h2>Common Questions</h2>
<h3>Is Exhibit On Superior pet-friendly?</h3>
<p>Yes. Exhibit On Superior markets pet-friendly living for cats and dogs.</p>
<h3>Are there pet amenities?</h3>
<p>The amenities content includes a dog spa and gated outdoor dog walk.</p>
<h3>Should renters confirm current pet rules?</h3>
<p>Yes. Pet fees, limits, and breed policies should be confirmed with the leasing team before applying.</p>
</section>
<p>Finally, a pet-friendly community in Chicago, Illinois, that you love. This is not only the perfect place for you, but for your pets, too. From an ultra-walkable neighborhood location to a spacious home and so much more, you and your furry friends will love everything about our pet-friendly perks.</p>
<h2>Pet Policy</h2>
<p>Exhibit is a pet-friendly community! Acknowledgement of Dog Rider and compliance of pet policy is required prior to application approval. 2 pets maximum.</p>
<p>Have questions about our pet policy? Contact our friendly leasing team in Chicago today.</p>
<p>Embrace Unbounded City Living At Exhibit On Superior</p>
<p><a href=""/contact-us"">Contact Us</a></p>",/apartments/il/chicago/pet-friendly
Neighborhood,neighborhood,Get out and Explore The Best of River North,River North Neighborhood | Exhibit On Superior Chicago,"Explore the River North location around Exhibit On Superior, close to dining, cafes, shopping, parks, the Chicago River, West Loop, Old Town, and Fulton Market.",Get out and Explore The Best of River North,River North apartments; apartments near Chicago River; apartments near West Loop and Old Town,"Exhibit On Superior is in River North, with quick access to downtown Chicago dining, cafes, shopping, the Chicago River, West Loop, Old Town, and Fulton Market.",2,"<p>Neighborhood</p>
<h1>Get out and Explore The Best of River North</h1>
<section class=""answer-block"" id=""quick-answer"">
<h2>Quick Answer</h2>
<p>Exhibit On Superior is in River North, with quick access to downtown Chicago dining, cafes, shopping, the Chicago River, West Loop, Old Town, and Fulton Market.</p>
</section>
<section class=""faq-block"" id=""common-questions"">
<h2>Common Questions</h2>
<h3>What neighborhood is Exhibit On Superior in?</h3>
<p>Exhibit On Superior is in River North in Chicago.</p>
<h3>What is nearby?</h3>
<p>The property content highlights cafes, restaurants, shops, parks, the Chicago River, West Loop, Old Town, and Fulton Market.</p>
</section>
<p>At Superior and Wells, you’re truly at the center of it all. Spend your days exploring world-class galleries, browsing boutique studios, and discovering trendy shops. When night falls, indulge in rooftop cocktails, chef-driven restaurants, intimate speakeasies, and live music venues.</p>
<p>Exhibit puts you in a prime location for both work and play. Whether you’re commuting to the office, meeting friends for dinner, or catching a show, everything you love about city living is right outside your door.</p>
<p>This is urban living at its finest. You live in this city for a reason, Exhibit lets you make the most of it.</p>
<h2>Embrace the Energy Urban living Perfected</h2>
<p>Feel the pulse of Chicago and turn up the volume on city living; where the skyline is your nightlight and the hum of the city is your soundtrack.</p>
<p>There’s a reason River North is one of Chicago’s most coveted neighborhoods and at Exhibit on Superior, you’re right in the heart of it. From its vibrant art scene and cutting-edge dining to stylish nightlife and chic cafés, River North delivers nonstop energy with just the right amount of culture and calm.</p>
<p>Also enjoy quick access to nearby hotspots like Fulton Market, Old Town, and the West Loop. Don't miss out on the action, schedule a tour today</p>
<p>Embrace Unbounded City Living At Exhibit On Superior</p>
<p><a href=""/contact-us"">Contact Us</a></p>",/apartments/il/chicago/neighborhood
Artist-in-Residence,artist-in-residence,Artist-in-Residence Program: A Home Where Art and Music Thrive,Artist-in-Residence Program | Exhibit On Superior,Learn about the Artist-in-Residence program at Exhibit On Superior and how the community connects residents with local art and music experiences.,Artist-in-Residence Program: A Home Where Art and Music Thrive,Exhibit On Superior artist in residence; Chicago apartments art program; River North creative apartment community,The Artist-in-Residence page presents Exhibit On Superior as a community with art and music programming that supports local creative experiences for residents.,2,"<p>Artist-in-Residence</p>
<h1>Artist-in-Residence Program: A Home Where Art and Music Thrive</h1>
<section class=""answer-block"" id=""quick-answer"">
<h2>Quick Answer</h2>
<p>The Artist-in-Residence page presents Exhibit On Superior as a community with art and music programming that supports local creative experiences for residents.</p>
</section>
<section class=""faq-block"" id=""common-questions"">
<h2>Common Questions</h2>
<h3>What is the Artist-in-Residence program?</h3>
<p>It is a community program that connects Exhibit On Superior residents with local art, music, events, and creative experiences.</p>
<h3>Should the program page stay on the new site?</h3>
<p>Yes, if Highland plans to continue or accurately describe the program. Otherwise, revise the copy before launch.</p>
</section>
<p>Since 2017, Highland Management LLC has proudly hosted an innovative Artist-in-Residence program, where creativity meets community. As part of our ongoing commitment to enriching the living experience, as well as supporting local artists from musicians and muralist we can offer exclusive events and experiences to both the artist and our residents.</p>
<h2>Where Creativity Lives</h2>
<p>As winners of our Artist-in-Residence program, our resident musician and visual artist live rent-free in exchange for sharing their talents with the community. From intimate live performances to hands-on art classes, they help make this more than just a place to live—it’s a place to connect and create.</p>
<p>Currently, we are home to two extraordinary resident artists: 🎵 Trevor Tisdale, self-taught musician who found his voice harmonizing with the bands and artists that filled his childhood home. You can hear the influence of Funk, Soul, Pop, Blues and Rock ‘n’ Roll in all of Trevor’s live performances. Trevor’s skill on guitar has evolved into a dynamic extension of his voice. He spends most of his time now honing more intermediate and advanced techniques for live performing and writing and recording music in his free time.</p>
<p>🎨 Blending Street art with fine art, Asend, a boundary-pushing street artist whose vibrant murals and live painting sessions transform blank walls into stories. His art sparks dialogue and colorfully reflects the energy of our community. Look for monthly sip and paints at Exhibit as well as artwork throughout the property and communities.</p>
<p>Together, these artists not only shape our physical spaces but also foster a dynamic culture of creativity and connection.</p>
<p><iframe src=""https://player.vimeo.com/video/358844745?rel=0"" title=""Musician in Residence"" loading=""lazy""></iframe></p>",/apartments/il/chicago/artist-in-residence
Contact Us,contact-us,Get in touch,Contact Exhibit On Superior | River North Chicago Apartments,Contact Exhibit On Superior in Chicago's River North neighborhood. Email exhibit@highlandptrs.com or call 312-450-0635.,Get in touch,Contact Exhibit On Superior; Exhibit On Superior phone number; Exhibit On Superior leasing office,"To contact Exhibit On Superior, email exhibit@highlandptrs.com, call 312-450-0635, or visit 165 W Superior St, Chicago, IL 60654.",3,"<p>Contact Us</p>
<h1>Get in touch</h1>
<section class=""answer-block"" id=""quick-answer"">
<h2>Quick Answer</h2>
<p>To contact Exhibit On Superior, email exhibit@highlandptrs.com, call 312-450-0635, or visit 165 W Superior St, Chicago, IL 60654.</p>
</section>
<section class=""faq-block"" id=""common-questions"">
<h2>Common Questions</h2>
<h3>What is the email for Exhibit On Superior?</h3>
<p>The contact email is exhibit@highlandptrs.com.</p>
<h3>What is the phone number for Exhibit On Superior?</h3>
<p>The phone number is 312-450-0635.</p>
<h3>What is the address?</h3>
<p>The address is 165 W Superior St, Chicago, IL 60654.</p>
</section>
<p>Schedule a tour and explore the unmatched style, comfort, and convenience at Exhibit on Superior. Your future home awaits.</p>
<p>165 W Superior St Chicago, IL 60654</p>
<p>312-450-0635</p>
<h2>Contact Exhibit On Superior</h2>
<p>Email: <a href=""mailto:exhibit@highlandptrs.com"">exhibit@highlandptrs.com</a></p>
<p>Phone: <a href=""tel:312-450-0635"">312-450-0635</a></p>
<p>Address: 165 W Superior St, Chicago, IL 60654</p>",/apartments/il/chicago/contact-us
Map + Directions,map-directions,Driving Directions to Exhibit On Superior,Map & Directions | Exhibit On Superior Chicago IL,Get map and direction information for Exhibit On Superior at 165 W Superior St in Chicago's River North neighborhood.,Driving Directions to Exhibit On Superior,Exhibit On Superior address; 165 W Superior St Chicago; directions to Exhibit On Superior,"Exhibit On Superior is located at 165 W Superior St, Chicago, IL 60654. The map and directions page should link to the current Google Business Profile map listing.",2,"<p>Map + Directions</p>
<h1>Driving Directions to Exhibit On Superior</h1>
<section class=""answer-block"" id=""quick-answer"">
<h2>Quick Answer</h2>
<p>Exhibit On Superior is located at 165 W Superior St, Chicago, IL 60654. The map and directions page should link to the current Google Business Profile map listing.</p>
</section>
<section class=""faq-block"" id=""common-questions"">
<h2>Common Questions</h2>
<h3>What is the address for Exhibit On Superior?</h3>
<p>Exhibit On Superior is located at 165 W Superior St, Chicago, IL 60654.</p>
<h3>Is there a map link?</h3>
<p>Yes. The rebuild should link to the Google map destination: https://www.google.com/maps?cid=15240815771270963454.</p>
</section>
<p>Check out the Directions feature in the map below for turn-by-turn directions to our studio, 1, 2 &amp; 3 bedroom apartments for rent in Chicago, Illinois.</p>
<p>165 W Superior St Chicago, IL 60654</p>
<p>312-450-0635</p>",/apartments/il/chicago/map-directions
Residents,residents,Resident Life Made Simple,Resident Resources | Exhibit On Superior,Resident resource page for Exhibit On Superior. Replace prior resident portal links with the current AppFolio resident portal once confirmed.,Resident Life Made Simple,Exhibit On Superior resident portal; Exhibit On Superior residents; AppFolio resident portal Exhibit On Superior,"The residents page should help current residents find portal, payment, maintenance, and contact resources. The old resident login should be replaced with Highland's current AppFolio resident portal URL once confirmed.",2,"<p>Residents</p>
<h1>Resident Life Made Simple</h1>
<section class=""answer-block"" id=""quick-answer"">
<h2>Quick Answer</h2>
<p>The residents page should help current residents find portal, payment, maintenance, and contact resources. The old resident login should be replaced with Highland's current AppFolio resident portal URL once confirmed.</p>
</section>
<section class=""faq-block"" id=""common-questions"">
<h2>Common Questions</h2>
<h3>Where should residents log in?</h3>
<p>Use the current AppFolio resident portal URL once Highland confirms the exact destination.</p>
<h3>Who should residents contact?</h3>
<p>Residents can contact Exhibit On Superior at exhibit@highlandptrs.com or 312-450-0635.</p>
</section>
<p>Need to pay rent, submit maintenance requests, or check community updates? You’re in the right place. Log in to your portal and manage it all with ease.</p>
<p><a href=""/residents"">Resident Login</a></p>
<p><strong>Resident portal:</strong> Replace the previous resident login with the AppFolio resident portal URL once Highland confirms the exact link.</p>",/apartments/il/chicago/residents
Schedule a Tour,schedule-a-tour,Let us show you around,Schedule a Tour | Exhibit On Superior Apartments,Schedule a tour of Exhibit On Superior in River North Chicago. Email exhibit@highlandptrs.com or call 312-450-0635.,Let us show you around,Schedule Exhibit On Superior tour; tour River North apartments; Exhibit On Superior leasing tour,"Prospective renters can schedule a tour of Exhibit On Superior by emailing exhibit@highlandptrs.com or calling 312-450-0635. If Highland adopts a scheduling tool, this page should point to that tool.",2,"<p>Schedule a Tour</p>
<h1>Let us show you around</h1>
<section class=""answer-block"" id=""quick-answer"">
<h2>Quick Answer</h2>
<p>Prospective renters can schedule a tour of Exhibit On Superior by emailing exhibit@highlandptrs.com or calling 312-450-0635. If Highland adopts a scheduling tool, this page should point to that tool.</p>
</section>
<section class=""faq-block"" id=""common-questions"">
<h2>Common Questions</h2>
<h3>How do I schedule a tour?</h3>
<p>Email exhibit@highlandptrs.com or call 312-450-0635 to schedule a tour.</p>
<h3>Can I tour online first?</h3>
<p>Yes. The Virtual Tour page includes video and Matterport previews.</p>
</section>
<p>Ready to find your next home in the heart of River North? Schedule a virtual or in-person tour today and see for yourself what makes Exhibit on Superior stand out. Step inside to experience our stylish finishes, expansive amenities, and a location that puts the very best of Chicago right at your doorstep.</p>
<p>Your future home is waiting.</p>
<p>165 W Superior St Chicago, IL 60654</p>
<p>312-450-0635</p>
<p><a href=""mailto:exhibit@highlandptrs.com?subject=Schedule%20a%20Tour%20at%20Exhibit%20On%20Superior"">Email us to schedule a tour</a></p>",/apartments/il/chicago/schedule-a-tour
Reviews,reviews,Exhibit On Superior Reviews,Reviews | Exhibit On Superior Chicago Apartments,Read review-oriented content for Exhibit On Superior and connect the rebuilt page to Highland's preferred review source or Google Business Profile.,Exhibit On Superior Reviews,Exhibit On Superior reviews; River North apartment reviews; Chicago apartment reviews,"The reviews page should connect renters to current, verifiable review sources for Exhibit On Superior, ideally the Google Business Profile or Highland's reputation-management provider.",2,"<p>Reviews</p>
<h1>Exhibit On Superior Reviews</h1>
<section class=""answer-block"" id=""quick-answer"">
<h2>Quick Answer</h2>
<p>The reviews page should connect renters to current, verifiable review sources for Exhibit On Superior, ideally the Google Business Profile or Highland's reputation-management provider.</p>
</section>
<section class=""faq-block"" id=""common-questions"">
<h2>Common Questions</h2>
<h3>Where should review content come from?</h3>
<p>Use a current, verifiable review source such as the Google Business Profile or Highland's chosen reputation platform.</p>
<h3>Should old review widgets be kept?</h3>
<p>No. The prior review widget should be replaced with Highland's current review source.</p>
</section>
<p>Reviews mean a lot to us Exhibit On Superior and are the best way to let others know if our team has provided a great experience.</p>
<p><strong>Reviews:</strong> Replace the previous Chatmeter review widget with Highland's preferred Google Business Profile or reputation-management embed.</p>",/apartments/il/chicago/reviews
Available Units,available-units,Available Units | Exhibit On Superior,Available Units | Exhibit On Superior Chicago Apartments,View current Exhibit On Superior availability through Highland Management LLC.,Available Units,Exhibit On Superior availability; Exhibit On Superior available units; River North apartment availability,Current Exhibit On Superior availability is maintained by Highland Management LLC at https://www.highlandptrs.com/chicago-availability?search=exhibit.,2,"<h1>Available Units</h1>
<section class=""answer-block"" id=""quick-answer"">
<h2>Quick Answer</h2>
<p>Current Exhibit On Superior availability is maintained by Highland Management LLC at https://www.highlandptrs.com/chicago-availability?search=exhibit.</p>
</section>
<section class=""faq-block"" id=""common-questions"">
<h2>Common Questions</h2>
<h3>Where can I see current availability?</h3>
<p>Use Highland's availability page: https://www.highlandptrs.com/chicago-availability?search=exhibit.</p>
<h3>Is availability shown directly on the rebuilt site?</h3>
<p>The recommended setup is to link out to Highland's current availability page so pricing and units stay accurate.</p>
</section>
<p><a href=""https://www.highlandptrs.com/chicago-availability?search=exhibit"">View Available Units</a></p>",
Apply Now,apply,Apply Now | Exhibit On Superior,Apply Now | Exhibit On Superior,Start an AppFolio application for Exhibit On Superior.,Apply Now,Apply Exhibit On Superior; Exhibit On Superior application; AppFolio Exhibit On Superior,Applications for Exhibit On Superior should start through AppFolio at https://highlandrealestatepartners.appfolio.com/apply/9ccea374-8cca-48fa-8f86-4aff06b01f03/start?source=Website.,2,"<h1>Apply Now</h1>
<section class=""answer-block"" id=""quick-answer"">
<h2>Quick Answer</h2>
<p>Applications for Exhibit On Superior should start through AppFolio at https://highlandrealestatepartners.appfolio.com/apply/9ccea374-8cca-48fa-8f86-4aff06b01f03/start?source=Website.</p>
</section>
<section class=""faq-block"" id=""common-questions"">
<h2>Common Questions</h2>
<h3>Where do I apply for Exhibit On Superior?</h3>
<p>Use the AppFolio application page: https://highlandrealestatepartners.appfolio.com/apply/9ccea374-8cca-48fa-8f86-4aff06b01f03/start?source=Website.</p>
<h3>Should Apply Now point to available units?</h3>
<p>No. Apply Now should point to the dedicated AppFolio application link, while Available Units should point to Highland's availability page.</p>
</section>
<p><a href=""https://highlandrealestatepartners.appfolio.com/apply/9ccea374-8cca-48fa-8f86-4aff06b01f03/start?source=Website"">Apply Now</a></p>",/apartments/il/chicago/apply
