index,title,size_mb,download_url
1,"606 - 2 Bed 1 Bath",296.1,https://cdn.realync.com/transcoded-videos-s/2160_4849F933-9C9E-46AD-8562-38E17C48DF61/2160_4849F933-9C9E-46AD-8562-38E17C48DF61_2160_mc.mp4
2,"2006 - 2 Bed 1 bath ",134.1,https://cdn.realync.com/transcoded-videos-s/2160_8cd2d77a-3590-41ea-aaee-14a6a86d88a7/2160_8cd2d77a-3590-41ea-aaee-14a6a86d88a7_2160_mc.mp4
3,"2 Bed Plus Den - 2804",366.0,https://cdn.realync.com/transcoded-videos-s/2160_E419BAAD-C730-4361-A95B-E3A45E50F3F8/2160_E419BAAD-C730-4361-A95B-E3A45E50F3F8_2160_mc.mp4
4,"207 - 1 Bedroom (North Facing)",294.0,https://cdn.realync.com/transcoded-videos-s/2160_E3C9E5B8-2157-4885-B306-C72F93B44CBD/2160_E3C9E5B8-2157-4885-B306-C72F93B44CBD_2160_mc.mp4
5,"2702 - Large Convertible",267.8,https://cdn.realync.com/transcoded-videos-s/2160_D32B0D0A-0317-4E96-9E2C-E96DC9BD1C05/2160_D32B0D0A-0317-4E96-9E2C-E96DC9BD1C05_2160_mc.mp4
6,"2801 - Corner 2 Bed 2 Bath",412.3,https://cdn.realync.com/transcoded-videos-s/2160_9CFD9451-3147-45BC-875D-221B3D0ABB1E/2160_9CFD9451-3147-45BC-875D-221B3D0ABB1E_2160_mc.mp4
7,"2207 - 1 Bedroom",279.6,https://cdn.realync.com/transcoded-videos-s/2160_8F163E42-140B-4121-9EFA-98076671AF72/2160_8F163E42-140B-4121-9EFA-98076671AF72_2160_mc.mp4
8,"1709 - Corner 2 Bed 1 Bath",380.9,https://cdn.realync.com/transcoded-videos-s/2160_246D6528-D82B-4AB7-B399-192D9451C845/2160_246D6528-D82B-4AB7-B399-192D9451C845_2160_mc.mp4
9,"2302 - Large Convertible",273.3,https://cdn.realync.com/transcoded-videos-s/2160_3F0C8A15-CE65-4668-AB4E-4753DDF1C151/2160_3F0C8A15-CE65-4668-AB4E-4753DDF1C151_2160_mc.mp4
10,"2409 - 2 Bed 1 Bath",368.8,https://cdn.realync.com/transcoded-videos-s/2160_DE42738B-7F66-4F7A-8A04-F1F915C5F635/2160_DE42738B-7F66-4F7A-8A04-F1F915C5F635_2160_mc.mp4
11,"1907 - 1 Bedroom",273.9,https://cdn.realync.com/transcoded-videos-s/2160_D8698976-C410-4993-84D0-9E3918454718/2160_D8698976-C410-4993-84D0-9E3918454718_2160_mc.mp4
12,"2910 - Jr Convertible (ADA)",255.6,https://cdn.realync.com/transcoded-videos-s/2160_58A19D35-FA99-4CB9-B9C5-AE8BAE95CB20/2160_58A19D35-FA99-4CB9-B9C5-AE8BAE95CB20_2160_mc.mp4
13,"1004 - Corner 2 Bed Plus Den (ADA)",470.6,https://cdn.realync.com/transcoded-videos-s/2160_B7C51494-C2FD-48B6-8DB5-D9246768CA68/2160_B7C51494-C2FD-48B6-8DB5-D9246768CA68_2160_mc.mp4
14,"2703 - ‘03 Studio",266.5,https://cdn.realync.com/transcoded-videos-s/2160_4BDA4233-3176-4DE3-B37B-273033352783/2160_4BDA4233-3176-4DE3-B37B-273033352783_2160_mc.mp4
15,"3201 - Corner 3 Bed 3 Bath",555.5,https://cdn.realync.com/transcoded-videos-s/2160_C89AE2AD-6BBA-4129-906D-59B18E8F3F80/2160_C89AE2AD-6BBA-4129-906D-59B18E8F3F80_2160_mc.mp4
16,"3107 - Corner 2 Bed 1 Bath",408.9,https://cdn.realync.com/transcoded-videos-s/2160_72891D62-D439-44A6-8DD8-CE26A26BABAF/2160_72891D62-D439-44A6-8DD8-CE26A26BABAF_2160_mc.mp4
17,"3105 - 1 Bedroom",344.1,https://cdn.realync.com/transcoded-videos-s/2160_E66CAF64-2BF2-494E-B4E9-E667265173D6/2160_E66CAF64-2BF2-494E-B4E9-E667265173D6_2160_mc.mp4
18,"2301 - 2 Bed 2 Bathroom",389.4,https://cdn.realync.com/transcoded-videos-s/2160_1B9C254A-59D8-49CA-B7C9-FAEA66249FA3/2160_1B9C254A-59D8-49CA-B7C9-FAEA66249FA3_2160_mc.mp4
19,"809 - 2 Bed 1 Bath",339.1,https://cdn.realync.com/transcoded-videos-s/2160_2968B49C-C5D9-40D2-9AA5-4C6F5E36CCF1/2160_2968B49C-C5D9-40D2-9AA5-4C6F5E36CCF1_2160_mc.mp4
20,"910 - Jr Convertible ‘10",251.6,https://cdn.realync.com/transcoded-videos-s/2160_ED36A14A-555D-4B32-BBDC-6EE0CD11D0D5/2160_ED36A14A-555D-4B32-BBDC-6EE0CD11D0D5_2160_mc.mp4
21,"1606 - 2 Bed 1 Bath",307.2,https://cdn.realync.com/transcoded-videos-s/2160_B3EFDF0C-0351-4B26-AF74-0C5F548896DF/2160_B3EFDF0C-0351-4B26-AF74-0C5F548896DF_2160_mc.mp4
22,"Unit - 0601- Two Bedroom 01A",52.5,https://cdn.realync.com/transcoded-videos-s/B02AB6A2-268C-4374-B54E-4A651D07199C/MP4WEB.mp4
23,"Unit 1306- 1 Bed + Den",393.2,https://cdn.realync.com/transcoded-videos-s/2160_870a009d-56f2-4264-9e83-bf7091baf5ed/2160_870a009d-56f2-4264-9e83-bf7091baf5ed_2160_mc.mp4
24,"3402 - 3 Bed 3 Bath",491.5,https://cdn.realync.com/transcoded-videos-s/2160_3E25CE89-CB94-4562-A4EA-8E55FDF51332/2160_3E25CE89-CB94-4562-A4EA-8E55FDF51332_2160_mc.mp4
25,"2308 - 1 Bedroom Walkin-in Closet (ADA)",286.3,https://cdn.realync.com/transcoded-videos-s/2160_3D617C20-26B3-4BD3-9E81-B2A9230D30F8/2160_3D617C20-26B3-4BD3-9E81-B2A9230D30F8_2160_mc.mp4
26,"2903 - ‘03 Studio",276.4,https://cdn.realync.com/transcoded-videos-s/2160_2E3C03D2-AB5B-46FF-8CC4-F27E92D6DD26/2160_2E3C03D2-AB5B-46FF-8CC4-F27E92D6DD26_2160_mc.mp4
27,"3205 - ‘05 1 Bedroom",273.2,https://cdn.realync.com/transcoded-videos-s/2160_E4776C39-8207-4251-AA9F-710323EE5EC4/2160_E4776C39-8207-4251-AA9F-710323EE5EC4_2160_mc.mp4
28,"2008 - 1 Bedroom (Walk-in Closet)",320.2,https://cdn.realync.com/transcoded-videos-s/2160_38222547-9204-4A28-92DE-BF5EAC9B4B4E/2160_38222547-9204-4A28-92DE-BF5EAC9B4B4E_2160_mc.mp4
29,"2002 - Large Convertible",288.4,https://cdn.realync.com/transcoded-videos-s/2160_F30546DD-3D9B-4BB4-9438-A8809DB0EB30/2160_F30546DD-3D9B-4BB4-9438-A8809DB0EB30_2160_mc.mp4
30,"1408 - ADA 1 Bedroom (Walk-in Closet)",297.4,https://cdn.realync.com/transcoded-videos-s/2160_80B8DCD6-9901-43B3-BF4D-AE70479EBE87/2160_80B8DCD6-9901-43B3-BF4D-AE70479EBE87_2160_mc.mp4
31,"1503 - Studio ‘03",309.8,https://cdn.realync.com/transcoded-videos-s/2160_150A742D-D400-40D4-979C-68191DB5D4A7/2160_150A742D-D400-40D4-979C-68191DB5D4A7_2160_mc.mp4
32,"Large Convertible - 2802",237.6,https://cdn.realync.com/transcoded-videos-s/2160_04295E4C-085E-4136-8847-F150D7B6F1DA/2160_04295E4C-085E-4136-8847-F150D7B6F1DA_2160_mc.mp4
33,"Studio ‘03 - 2803",254.3,https://cdn.realync.com/transcoded-videos-s/2160_BDE37B50-FD67-4433-B0EA-E26BD55BA052/2160_BDE37B50-FD67-4433-B0EA-E26BD55BA052_2160_mc.mp4
34,"2 bed 2 bath - 2501",213.6,https://cdn.realync.com/transcoded-videos-s/2160_1a81d45d-e34b-483a-9f34-d25ef2ba7f93/2160_1a81d45d-e34b-483a-9f34-d25ef2ba7f93_2160_mc.mp4
35,"Large Convertible - 1502",287.2,https://cdn.realync.com/transcoded-videos-s/2160_F7011FBB-E77A-4545-8E95-A7C0BDB32E00/2160_F7011FBB-E77A-4545-8E95-A7C0BDB32E00_2160_mc.mp4
36,"1 Bedroom - Walkin Closet - 3306",329.9,https://cdn.realync.com/transcoded-videos-s/2160_64A2EDAA-531F-4FBF-8607-1D9F412F33A5/2160_64A2EDAA-531F-4FBF-8607-1D9F412F33A5_2160_mc.mp4
37,"3 Bed 3 Bath - Unit 3401",502.1,https://cdn.realync.com/transcoded-videos-s/2160_80CA43AF-510D-48FE-AB9A-1526B47DCE76/2160_80CA43AF-510D-48FE-AB9A-1526B47DCE76_2160_mc.mp4
38,"2 Bedroom 1 Bath - 1309",270.1,https://cdn.realync.com/transcoded-videos-s/2160_4E5A6CAB-AEF3-4A05-989D-EE5D71360F09/2160_4E5A6CAB-AEF3-4A05-989D-EE5D71360F09_2160_mc.mp4
39,"1 Bedroom With Walk-In Closet - 1708",234.7,https://cdn.realync.com/transcoded-videos-s/2160_B1C3F64A-4B7C-4B8D-89A9-B288CE4B6F08/2160_B1C3F64A-4B7C-4B8D-89A9-B288CE4B6F08_2160_mc.mp4
40,"Jr. Convertible #1110",157.1,https://cdn.realync.com/transcoded-videos-s/2160_5dce8f46-1b2a-43d3-9f7a-6ab40aa44c22/2160_5dce8f46-1b2a-43d3-9f7a-6ab40aa44c22_2160_mc.mp4
41,"Unit - 3207 - 1 Bed+Den 09A",31.1,https://cdn.realync.com/transcoded-videos-s/720_b302e0c9-4570-4974-9eae-20ce3fb3388f/720_b302e0c9-4570-4974-9eae-20ce3fb3388f_720_mc.mp4
42,"Unit - 1307 - One Bedroom 07B",25.9,https://cdn.realync.com/transcoded-videos-s/720_9d2c02c6-1a55-44fb-bef6-ab2eced62195/720_9d2c02c6-1a55-44fb-bef6-ab2eced62195_720_mc.mp4
43,"2 Bedroom 2 Bathroom 2401",304.7,https://cdn.realync.com/transcoded-videos-s/2160_1296DA55-119E-4EB0-A0FC-65082BD2F27E/2160_1296DA55-119E-4EB0-A0FC-65082BD2F27E_2160_mc.mp4
44,"Convertible 2402",194.9,https://cdn.realync.com/transcoded-videos-s/2160_6866CD2A-BEE7-40CC-8E9B-BCD02FF375CB/2160_6866CD2A-BEE7-40CC-8E9B-BCD02FF375CB_2160_mc.mp4
45,"Three Bedroom 3002",312.0,https://cdn.realync.com/transcoded-videos-s/2160_176BE8A5-9AD5-468C-8BCB-51DCF76B49F4/2160_176BE8A5-9AD5-468C-8BCB-51DCF76B49F4_2160_mc.mp4
46,"Studio 2503",209.0,https://cdn.realync.com/transcoded-videos-s/2160_7F4497A6-0509-4593-A8D0-1CDC9853F028/2160_7F4497A6-0509-4593-A8D0-1CDC9853F028_2160_mc.mp4
47,"1 Bedroom 4M02",270.2,https://cdn.realync.com/transcoded-videos-s/2160_2E3B10E9-20ED-4D48-A917-FCFAFD408D52/2160_2E3B10E9-20ED-4D48-A917-FCFAFD408D52_2160_mc.mp4
48,"2 Bedroom 2 Bath 301",272.4,https://cdn.realync.com/transcoded-videos-s/2160_93609194-C62A-4AAC-BFDE-70248D80430D/2160_93609194-C62A-4AAC-BFDE-70248D80430D_2160_mc.mp4
49,"Corner 2 Bedroom 2 Bathroom 2001",267.2,https://cdn.realync.com/transcoded-videos-s/2160_F5AFBA3A-B22A-4424-99F2-D9F75AAC192A/2160_F5AFBA3A-B22A-4424-99F2-D9F75AAC192A_2160_mc.mp4
50,"Convertible 3303",227.2,https://cdn.realync.com/transcoded-videos-s/2160_4006639C-D702-42CF-A3B5-4C3F2C652505/2160_4006639C-D702-42CF-A3B5-4C3F2C652505_2160_mc.mp4
51,"1402 Convertible",260.5,https://cdn.realync.com/transcoded-videos-s/2160_7160C06A-2FE8-492A-98C4-FD5C4C8CC0C5/2160_7160C06A-2FE8-492A-98C4-FD5C4C8CC0C5_2160_mc.mp4
52,"Studio 1403",203.6,https://cdn.realync.com/transcoded-videos-s/2160_A638E079-CB27-44F8-9000-D0A5C5E52193/2160_A638E079-CB27-44F8-9000-D0A5C5E52193_2160_mc.mp4
53,"One Bedroom 401",188.6,https://cdn.realync.com/transcoded-videos-s/2160_0B9E518B-5468-4741-BB76-3645AB1A4446/2160_0B9E518B-5468-4741-BB76-3645AB1A4446_2160_mc.mp4
54,"3404 - 2Bedroom/1Bath",186.7,https://cdn.realync.com/transcoded-videos-s/2160_B0AE05A7-E1EA-48BC-9C4B-7E17D7A2BB1F/2160_B0AE05A7-E1EA-48BC-9C4B-7E17D7A2BB1F_2160_mc.mp4
55,"Unit 206 - 1 Bedroom",274.3,https://cdn.realync.com/transcoded-videos-s/2160_FB111532-5EEB-4CA4-ABEB-2308EF884849/2160_FB111532-5EEB-4CA4-ABEB-2308EF884849_2160_mc.mp4
56,"1201 - 2Bedroom/2Bath",162.1,https://cdn.realync.com/transcoded-videos-s/2160_98C331EC-3F9F-4392-ADA0-19341757531B/2160_98C331EC-3F9F-4392-ADA0-19341757531B_2160_mc.mp4
57,"2102",134.6,https://cdn.realync.com/transcoded-videos-s/2160_E627EF65-E170-4FEA-9176-BEDE28D7D0F2/2160_E627EF65-E170-4FEA-9176-BEDE28D7D0F2_2160_mc.mp4
58,"Unit #4M03",293.4,https://cdn.realync.com/transcoded-videos-s/2160_2EDBC672-8D87-4309-82EC-F0E61864C9CB/2160_2EDBC672-8D87-4309-82EC-F0E61864C9CB_2160_mc.mp4
59,"603",163.6,https://cdn.realync.com/transcoded-videos-s/2160_08DE3138-E1C2-4C3E-B4B9-E8AEE4ABA71C/2160_08DE3138-E1C2-4C3E-B4B9-E8AEE4ABA71C_2160_mc.mp4
60,"403",32.8,https://cdn.realync.com/transcoded-videos-s/1D594AE7-4922-4B42-B597-B8D2A51897BE/MP4WEB.mp4
61,"Unit - 1303 - Studio03",20.0,https://cdn.realync.com/transcoded-videos-s/B3ECD37F-68E4-4188-8DB8-5B38B4E4B20D/MP4WEB.mp4
62,"Unit - 3101 - Three Bedroom 01",42.2,https://cdn.realync.com/transcoded-videos-s/8D85A8ED-D653-44CB-90B8-E75D7F8C3BE8/MP4WEB.mp4
63,"Unit - 302 - Studio",33.0,https://cdn.realync.com/transcoded-videos-s/7836D8BD-ADBA-4F55-82E6-7683F44E97EE/MP4WEB.mp4
64,"Music Room",18.2,https://cdn.realync.com/transcoded-videos-s/B4B346F8-6B42-4924-99CB-B5C09B9AC5D1/MP4WEB.mp4
65,"Unit - 1204 - Two Bedroom + Den 04",55.9,https://cdn.realync.com/transcoded-videos-s/18587284-9E08-46EB-A1D1-5C68FD816432/MP4WEB.mp4
66,"Unit - 2405 - JrConv05",33.1,https://cdn.realync.com/transcoded-videos-s/99A352A2-B693-447D-89F2-DCF1CB03FDDC/MP4WEB.mp4
67,"Unit - 1703 - Studio03",28.7,https://cdn.realync.com/transcoded-videos-s/5276FB83-6854-4940-AD84-20322502F884/MP4WEB.mp4
68,"Unit - 2103 - Studio03",24.9,https://cdn.realync.com/transcoded-videos-s/D9213E1D-E916-4036-A04A-82148A0BF79C/MP4WEB.mp4
69,"Unit - 708 - One Bedroom 08A",21.0,https://cdn.realync.com/transcoded-videos-s/A1010BFE-3229-4E8F-A15C-CB0570BAA53D/MP4WEB.mp4
70,"Jr. Convertible North Facing #2010",30.7,https://cdn.realync.com/transcoded-videos-s/7FDED002-F821-4C86-AD5F-6BE4CC85953E/MP4WEB.mp4
71,"Unit - 1206 - Two Bedroom",45.4,https://cdn.realync.com/transcoded-videos-s/DE6CDCE7-41BD-48B6-B1D6-2C3271DCFEB6/MP4WEB.mp4
72,"Unit - 3105 - One Bedroom 05",46.6,https://cdn.realync.com/transcoded-videos-s/264FA50E-BC31-4C70-886F-1A7126221C2F/MP4WEB.mp4
73,"Jr. Convertible With Balcony With Great Natural Light 2010",35.7,https://cdn.realync.com/transcoded-videos-s/40F7C56D-8416-48AC-88FF-809B54547E1A/MP4WEB.mp4
