Target page,Internal links
https://www.rentatexhibit.com/,123
https://www.rentatexhibit.com/map-directions,121
https://www.rentatexhibit.com/reviews,121
https://www.rentatexhibit.com/virtual-tour,121
https://www.rentatexhibit.com/amenities,120
https://www.rentatexhibit.com/neighborhood,120
https://www.rentatexhibit.com/residents,120
https://www.rentatexhibit.com/pet-friendly,119
https://www.rentatexhibit.com/about,116
https://www.rentatexhibit.com/schedule-a-tour,114
https://www.rentatexhibit.com/floor-plans,113
https://www.rentatexhibit.com/available-units,112
https://www.rentatexhibit.com/fees,90
https://www.rentatexhibit.com/knowledge,83
https://www.rentatexhibit.com/photo-gallery,83
https://www.rentatexhibit.com/contact-us,81
https://www.rentatexhibit.com/faq,57
https://www.rentatexhibit.com/three-bedroom-apartments-river-north,19
https://www.rentatexhibit.com/two-bedroom-apartments-river-north,19
https://www.rentatexhibit.com/apartments-near-northwestern-memorial,17
https://www.rentatexhibit.com/apartments-near-the-loop,13
https://www.rentatexhibit.com/one-bedroom-apartments-river-north,13
https://www.rentatexhibit.com/luxury-apartments-river-north,12
https://www.rentatexhibit.com/knowledge/total-move-in-cost,10
https://www.rentatexhibit.com/floor-plans/one-bedroom-one-bath-630-sf,8
https://www.rentatexhibit.com/knowledge/how-many-pets,5
https://www.rentatexhibit.com/knowledge/how-much-does-parking-cost,5
https://www.rentatexhibit.com/floor-plans/convertible-554-sf,4
https://www.rentatexhibit.com/knowledge/does-exhibit-allow-dogs,3
https://www.rentatexhibit.com/knowledge/what-neighborhood,3
https://www.rentatexhibit.com/apartments-near-merchandise-mart,2
https://www.rentatexhibit.com/floor-plans/one-bedroom-one-bath-628-sf,2
https://www.rentatexhibit.com/floor-plans/one-bedroom-one-bath-656-sf,2
https://www.rentatexhibit.com/knowledge/how-much-is-rent,2
https://www.rentatexhibit.com/floor-plans/two-bedroom-one-bath-779-sf-floors-30-34,1