Page URL,Ratio,Discovered
https://www.rentatexhibit.com,0.09,01 Aug 2026 (21:09 UTC)
https://www.rentatexhibit.com/,0.09,01 Aug 2026 (21:09 UTC)
https://www.rentatexhibit.com/available-units,0.05,01 Aug 2026 (21:09 UTC)
https://www.rentatexhibit.com/available-units/0610,0.08,01 Aug 2026 (21:09 UTC)
https://www.rentatexhibit.com/available-units/1001,0.07,01 Aug 2026 (21:09 UTC)
https://www.rentatexhibit.com/available-units/1808,0.08,01 Aug 2026 (21:09 UTC)
https://www.rentatexhibit.com/contact-us,0.09,01 Aug 2026 (21:09 UTC)
https://www.rentatexhibit.com/floor-plans,0.07,01 Aug 2026 (21:09 UTC)
https://www.rentatexhibit.com/floor-plans/convertible-554-sf,0.05,01 Aug 2026 (21:09 UTC)
https://www.rentatexhibit.com/floor-plans/jr-convertible-450-sf,0.05,01 Aug 2026 (21:09 UTC)
https://www.rentatexhibit.com/floor-plans/jr-convertible-456-sf,0.06,27 Jul 2026 (13:34 UTC)
https://www.rentatexhibit.com/floor-plans/jr-convertible-478-sf-floors-30-34,0.04,01 Aug 2026 (21:09 UTC)
https://www.rentatexhibit.com/floor-plans/jr-convertible-478-sf-floors-6-29,0.05,01 Aug 2026 (21:09 UTC)
https://www.rentatexhibit.com/floor-plans/one-bedroom-one-bath-619-sf,0.06,27 Jul 2026 (13:34 UTC)
https://www.rentatexhibit.com/floor-plans/one-bedroom-one-bath-628-sf,0.05,01 Aug 2026 (21:09 UTC)
https://www.rentatexhibit.com/floor-plans/one-bedroom-one-bath-630-sf,0.05,27 Jul 2026 (13:34 UTC)
https://www.rentatexhibit.com/floor-plans/one-bedroom-one-bath-645-sf,0.05,01 Aug 2026 (21:09 UTC)
https://www.rentatexhibit.com/floor-plans/one-bedroom-one-bath-651-sf,0.06,01 Aug 2026 (21:09 UTC)
https://www.rentatexhibit.com/floor-plans/one-bedroom-one-bath-656-sf,0.06,01 Aug 2026 (21:09 UTC)
https://www.rentatexhibit.com/floor-plans/one-bedroom-one-bath-665-sf,0.04,01 Aug 2026 (21:09 UTC)
https://www.rentatexhibit.com/floor-plans/one-bedroom-one-bath-669-sf-floors-17-21,0.05,01 Aug 2026 (21:09 UTC)
https://www.rentatexhibit.com/floor-plans/one-bedroom-one-bath-669-sf-floors-30-34,0.05,01 Aug 2026 (21:09 UTC)
https://www.rentatexhibit.com/floor-plans/one-bedroom-one-bath-672-sf,0.04,01 Aug 2026 (21:09 UTC)
https://www.rentatexhibit.com/floor-plans/one-bedroom-one-bath-768-sf,0.05,27 Jul 2026 (13:34 UTC)
https://www.rentatexhibit.com/floor-plans/studio-448-sf,0.04,01 Aug 2026 (21:09 UTC)
https://www.rentatexhibit.com/floor-plans/studio-484-sf,0.06,01 Aug 2026 (21:09 UTC)
https://www.rentatexhibit.com/floor-plans/three-bedroom-three-bath-1455-sf,0.05,01 Aug 2026 (21:09 UTC)
https://www.rentatexhibit.com/floor-plans/three-bedroom-three-bath-1528-sf,0.05,01 Aug 2026 (21:09 UTC)
https://www.rentatexhibit.com/floor-plans/two-bedroom-den-two-bath-983-sf,0.06,27 Jul 2026 (13:34 UTC)
https://www.rentatexhibit.com/floor-plans/two-bedroom-one-bath-767-sf,0.06,01 Aug 2026 (21:09 UTC)
https://www.rentatexhibit.com/floor-plans/two-bedroom-one-bath-769-776-sf,0.06,01 Aug 2026 (21:09 UTC)
https://www.rentatexhibit.com/floor-plans/two-bedroom-one-bath-779-sf-floors-30-34,0.06,01 Aug 2026 (21:09 UTC)
https://www.rentatexhibit.com/floor-plans/two-bedroom-one-bath-779-sf-floors-6-29,0.06,27 Jul 2026 (13:34 UTC)
https://www.rentatexhibit.com/floor-plans/two-bedroom-one-bath-821-sf,0.05,01 Aug 2026 (21:09 UTC)
https://www.rentatexhibit.com/floor-plans/two-bedroom-two-bath-1003-sf,0.04,01 Aug 2026 (21:09 UTC)
https://www.rentatexhibit.com/floor-plans/two-bedroom-two-bath-1026-sf,0.05,01 Aug 2026 (21:09 UTC)
https://www.rentatexhibit.com/floor-plans/two-bedroom-two-bath-1052-sf,0.05,01 Aug 2026 (21:09 UTC)
https://www.rentatexhibit.com/floor-plans/two-bedroom-two-bath-1079-sf,0.05,01 Aug 2026 (21:09 UTC)
https://www.rentatexhibit.com/floor-plans/two-bedroom-two-bath-1135-sf,0.06,27 Jul 2026 (13:34 UTC)
https://www.rentatexhibit.com/floor-plans/two-bedroom-two-bath-899-sf,0.05,01 Aug 2026 (21:09 UTC)
https://www.rentatexhibit.com/floor-plans/two-bedroom-two-bath-929-sf,0.05,27 Jul 2026 (13:34 UTC)
https://www.rentatexhibit.com/floor-plans/two-bedroom-two-bath-935-sf,0.05,01 Aug 2026 (21:09 UTC)
https://www.rentatexhibit.com/knowledge/breed-and-weight-rules,0.09,01 Aug 2026 (21:09 UTC)
https://www.rentatexhibit.com/knowledge/cta-proximity,0.10,01 Aug 2026 (21:09 UTC)
https://www.rentatexhibit.com/knowledge/does-exhibit-allow-cats,0.10,01 Aug 2026 (21:09 UTC)
https://www.rentatexhibit.com/knowledge/in-unit-laundry,0.10,01 Aug 2026 (21:09 UTC)
https://www.rentatexhibit.com/knowledge/is-there-a-pool,0.10,01 Aug 2026 (21:09 UTC)
https://www.rentatexhibit.com/knowledge/is-there-bike-storage,0.10,01 Aug 2026 (21:09 UTC)
https://www.rentatexhibit.com/knowledge/pet-amenities,0.09,01 Aug 2026 (21:09 UTC)
https://www.rentatexhibit.com/knowledge/what-are-pet-fees,0.10,01 Aug 2026 (21:09 UTC)
https://www.rentatexhibit.com/knowledge/what-neighborhood,0.10,01 Aug 2026 (21:09 UTC)
https://www.rentatexhibit.com/knowledge/work-from-home-spaces,0.10,01 Aug 2026 (21:09 UTC)
https://www.rentatexhibit.com/map-directions,0.10,01 Aug 2026 (21:09 UTC)
https://www.rentatexhibit.com/photo-gallery,0.04,27 Jul 2026 (13:34 UTC)
https://www.rentatexhibit.com/residents,0.09,01 Aug 2026 (21:09 UTC)
https://www.rentatexhibit.com/reviews,0.07,01 Aug 2026 (21:09 UTC)
https://www.rentatexhibit.com/schedule-a-tour,0.07,01 Aug 2026 (21:09 UTC)
https://www.rentatexhibit.com/virtual-tour,0.07,01 Aug 2026 (21:09 UTC)
