id,source_url,local_path,filename,alt,role,content_type,used_on_source_pages,status
image-001,https://assets.marketapts.com/assets/converted/662PBC/assets/imagefroms3/662PBC/images/material/662PBC/neighborhood/neighborhood1.jpg,/assets/source/neighborhood1-d05b8723.jpg,neighborhood1-d05b8723.jpg,,img,image/jpeg,https://www.woodscrossingslc.com/ | https://www.woodscrossingslc.com/frequently-asked-questions | https://www.woodscrossingslc.com/neighborhood | https://www.woodscrossingslc.com/north-salt-lake-ut/neighborhood | https://www.woodscrossingslc.com/virtual-tours,downloaded
image-002,https://assets.marketapts.com/assets/converted/662PBC/assets/imagefroms3/662PBC/images/material/662PBC/neighborhood/neighborhood2.jpg,/assets/source/neighborhood2-13098365.jpg,neighborhood2-13098365.jpg,,img,image/jpeg,https://www.woodscrossingslc.com/ | https://www.woodscrossingslc.com/frequently-asked-questions | https://www.woodscrossingslc.com/neighborhood | https://www.woodscrossingslc.com/north-salt-lake-ut/neighborhood | https://www.woodscrossingslc.com/virtual-tours,downloaded
image-003,https://assets.marketapts.com/assets/converted/662PBC/assets/imagefroms3/662PBC/images/material/662PBC/neighborhood/neighborhood3.jpg,/assets/source/neighborhood3-a7452fcf.jpg,neighborhood3-a7452fcf.jpg,,img,image/jpeg,https://www.woodscrossingslc.com/ | https://www.woodscrossingslc.com/frequently-asked-questions | https://www.woodscrossingslc.com/neighborhood | https://www.woodscrossingslc.com/north-salt-lake-ut/neighborhood | https://www.woodscrossingslc.com/virtual-tours,downloaded
image-004,https://assets.marketapts.com/assets/converted/662PBC/images/apartments/floorplans/2b85594d-d208-48e7-8fa4-24aa849511b5.jpg.800x600.jpg,/assets/source/woods-crossing-apartments-floor-plan-layout-b-8658e05e.jpg,woods-crossing-apartments-floor-plan-layout-b-8658e05e.jpg,Woods Crossing Apartments Floor Plan LAYOUT B,img,image/jpeg,https://www.woodscrossingslc.com/accessible-one-page | https://www.woodscrossingslc.com/apartments/layout-b | https://www.woodscrossingslc.com/apply-now/layout-b/1d | https://www.woodscrossingslc.com/apply-now/layout-b/8f | https://www.woodscrossingslc.com/floor-plans,downloaded
image-005,https://assets.marketapts.com/assets/converted/662PBC/images/apartments/floorplans/2b85594d-d208-48e7-8fa4-24aa849511b5.jpg.800x600.webp,/assets/source/2b85594d-d208-48e7-8fa4-24aa849511b5-166943df.800x600.webp,2b85594d-d208-48e7-8fa4-24aa849511b5-166943df.800x600.webp,,source,image/webp,https://www.woodscrossingslc.com/accessible-one-page | https://www.woodscrossingslc.com/apartments/layout-b | https://www.woodscrossingslc.com/apply-now/layout-b/1d | https://www.woodscrossingslc.com/apply-now/layout-b/8f | https://www.woodscrossingslc.com/floor-plans,downloaded
image-006,https://assets.marketapts.com/assets/converted/662PBC/images/apartments/floorplans/522e9f0a-b22e-4831-8195-12c18ac444fd.jpg.800x600.jpg,/assets/source/woods-crossing-apartments-floor-plan-layout-c-88376517.jpg,woods-crossing-apartments-floor-plan-layout-c-88376517.jpg,Woods Crossing Apartments Floor Plan LAYOUT C,img,image/jpeg,https://www.woodscrossingslc.com/accessible-one-page | https://www.woodscrossingslc.com/apartments/layout-c | https://www.woodscrossingslc.com/apply-now/layout-c/1g | https://www.woodscrossingslc.com/floor-plans,downloaded
image-007,https://assets.marketapts.com/assets/converted/662PBC/images/apartments/floorplans/522e9f0a-b22e-4831-8195-12c18ac444fd.jpg.800x600.webp,/assets/source/522e9f0a-b22e-4831-8195-12c18ac444fd-42c0f03d.800x600.webp,522e9f0a-b22e-4831-8195-12c18ac444fd-42c0f03d.800x600.webp,,source,image/webp,https://www.woodscrossingslc.com/accessible-one-page | https://www.woodscrossingslc.com/apartments/layout-c | https://www.woodscrossingslc.com/apply-now/layout-c/1g | https://www.woodscrossingslc.com/floor-plans,downloaded
image-008,https://assets.marketapts.com/assets/converted/662PBC/images/apartments/floorplans/b7c164a6-eec8-4f47-994c-0f26f26e8cee.jpg.800x600.jpg,/assets/source/woods-crossing-apartments-floor-plan-layout-a-c586b4e2.jpg,woods-crossing-apartments-floor-plan-layout-a-c586b4e2.jpg,Woods Crossing Apartments Floor Plan LAYOUT A,img,image/jpeg,https://www.woodscrossingslc.com/accessible-one-page | https://www.woodscrossingslc.com/apartments/layout-a | https://www.woodscrossingslc.com/apply-now/layout-a/6a | https://www.woodscrossingslc.com/apply-now/layout-a/7e | https://www.woodscrossingslc.com/floor-plans,downloaded
image-009,https://assets.marketapts.com/assets/converted/662PBC/images/apartments/floorplans/b7c164a6-eec8-4f47-994c-0f26f26e8cee.jpg.800x600.webp,/assets/source/b7c164a6-eec8-4f47-994c-0f26f26e8cee-d479780a.800x600.webp,b7c164a6-eec8-4f47-994c-0f26f26e8cee-d479780a.800x600.webp,,source,image/webp,https://www.woodscrossingslc.com/accessible-one-page | https://www.woodscrossingslc.com/apartments/layout-a | https://www.woodscrossingslc.com/apply-now/layout-a/6a | https://www.woodscrossingslc.com/apply-now/layout-a/7e | https://www.woodscrossingslc.com/floor-plans,downloaded
image-010,https://assets.marketapts.com/assets/converted/662PBC/images/apartments/floorplans/d6d9fe0f-de96-428b-b5ff-517ed62d2a7b.jpg.800x600.jpg,/assets/source/woods-crossing-apartments-floor-plan-layout-d-3b1ef126.jpg,woods-crossing-apartments-floor-plan-layout-d-3b1ef126.jpg,Woods Crossing Apartments Floor Plan LAYOUT D,img,image/jpeg,https://www.woodscrossingslc.com/accessible-one-page | https://www.woodscrossingslc.com/apartments/layout-d | https://www.woodscrossingslc.com/apply-now/layout-d/1h | https://www.woodscrossingslc.com/apply-now/layout-d/8j | https://www.woodscrossingslc.com/floor-plans,downloaded
image-011,https://assets.marketapts.com/assets/converted/662PBC/images/apartments/floorplans/d6d9fe0f-de96-428b-b5ff-517ed62d2a7b.jpg.800x600.webp,/assets/source/d6d9fe0f-de96-428b-b5ff-517ed62d2a7b-630da09f.800x600.webp,d6d9fe0f-de96-428b-b5ff-517ed62d2a7b-630da09f.800x600.webp,,source,image/webp,https://www.woodscrossingslc.com/accessible-one-page | https://www.woodscrossingslc.com/apartments/layout-d | https://www.woodscrossingslc.com/apply-now/layout-d/1h | https://www.woodscrossingslc.com/apply-now/layout-d/8j | https://www.woodscrossingslc.com/floor-plans,downloaded
image-012,https://assets.marketapts.com/assets/converted/662PBC/images/apartments/photos/20a36759840b0a9f3cfb9ded7473e24d.jpg.800x600.jpg,/assets/source/apartments-in-north-salt-lake-72cb0a3b.jpg,apartments-in-north-salt-lake-72cb0a3b.jpg,Apartments in North Salt Lake,img,image/jpeg,https://www.woodscrossingslc.com/accessible-one-page,downloaded
image-013,https://assets.marketapts.com/assets/converted/662PBC/images/apartments/photos/20a36759840b0a9f3cfb9ded7473e24d.jpg.800x600.webp,/assets/source/20a36759840b0a9f3cfb9ded7473e24d-f739b9cd.800x600.webp,20a36759840b0a9f3cfb9ded7473e24d-f739b9cd.800x600.webp,,source,image/webp,https://www.woodscrossingslc.com/accessible-one-page | https://www.woodscrossingslc.com/gallery,downloaded
image-014,https://assets.marketapts.com/assets/converted/662PBC/images/apartments/photos/20a36759840b0a9f3cfb9ded7473e24d.jpg.jpg.800x600.jpg,/assets/source/apartments-in-north-salt-lake-717e61eb.jpg,apartments-in-north-salt-lake-717e61eb.jpg,Apartments in North Salt Lake,img,image/jpeg,https://www.woodscrossingslc.com/gallery,downloaded
image-015,https://assets.marketapts.com/assets/converted/662PBC/images/apartments/photos/3bd78d2fdbc6d574ed2dfdecefd6fd5b.jpg.800x600.jpg,/assets/source/playground-and-picnic-table-woods-crossing-c1ad6099.jpg,playground-and-picnic-table-woods-crossing-c1ad6099.jpg,Playground and Picnic Table | Woods Crossing,img,image/jpeg,https://www.woodscrossingslc.com/accessible-one-page,downloaded
image-016,https://assets.marketapts.com/assets/converted/662PBC/images/apartments/photos/3bd78d2fdbc6d574ed2dfdecefd6fd5b.jpg.800x600.webp,/assets/source/3bd78d2fdbc6d574ed2dfdecefd6fd5b-2f7d2d80.800x600.webp,3bd78d2fdbc6d574ed2dfdecefd6fd5b-2f7d2d80.800x600.webp,,source,image/webp,https://www.woodscrossingslc.com/accessible-one-page | https://www.woodscrossingslc.com/gallery,downloaded
image-017,https://assets.marketapts.com/assets/converted/662PBC/images/apartments/photos/3bd78d2fdbc6d574ed2dfdecefd6fd5b.jpg.jpg.800x600.jpg,/assets/source/playground-and-picnic-table-woods-crossing-51a56ac7.jpg,playground-and-picnic-table-woods-crossing-51a56ac7.jpg,Playground and Picnic Table | Woods Crossing,img,image/jpeg,https://www.woodscrossingslc.com/gallery,downloaded
image-018,https://assets.marketapts.com/assets/converted/662PBC/images/apartments/photos/5atfnqnh47dzi9em79gmgqbu50sv60ba.jpg.800x600.jpg,/assets/source/living-room-with-kitchen-and-carpeted-flooring-woods-crossin-39d8575a.jpg,living-room-with-kitchen-and-carpeted-flooring-woods-crossin-39d8575a.jpg,Living Room with Kitchen and Carpeted Flooring | Woods Crossing,img,image/jpeg,https://www.woodscrossingslc.com/accessible-one-page,downloaded
image-019,https://assets.marketapts.com/assets/converted/662PBC/images/apartments/photos/5atfnqnh47dzi9em79gmgqbu50sv60ba.jpg.800x600.webp,/assets/source/5atfnqnh47dzi9em79gmgqbu50sv60ba-a6e4174b.800x600.webp,5atfnqnh47dzi9em79gmgqbu50sv60ba-a6e4174b.800x600.webp,,source,image/webp,https://www.woodscrossingslc.com/accessible-one-page | https://www.woodscrossingslc.com/gallery,downloaded
image-020,https://assets.marketapts.com/assets/converted/662PBC/images/apartments/photos/5atfnqnh47dzi9em79gmgqbu50sv60ba.jpg.jpg.800x600.jpg,/assets/source/living-room-with-kitchen-and-carpeted-flooring-woods-crossin-c90f9b87.jpg,living-room-with-kitchen-and-carpeted-flooring-woods-crossin-c90f9b87.jpg,Living Room with Kitchen and Carpeted Flooring | Woods Crossing,img,image/jpeg,https://www.woodscrossingslc.com/gallery,downloaded
image-021,https://assets.marketapts.com/assets/converted/662PBC/images/apartments/photos/730a618f673f5be717cc16c547f88ee3.jpg.800x600.jpg,/assets/source/clubhouse-woods-crossing-89befd99.jpg,clubhouse-woods-crossing-89befd99.jpg,Clubhouse | Woods Crossing,img,image/jpeg,https://www.woodscrossingslc.com/accessible-one-page,downloaded
image-022,https://assets.marketapts.com/assets/converted/662PBC/images/apartments/photos/730a618f673f5be717cc16c547f88ee3.jpg.800x600.webp,/assets/source/730a618f673f5be717cc16c547f88ee3-1a74cba6.800x600.webp,730a618f673f5be717cc16c547f88ee3-1a74cba6.800x600.webp,,source,image/webp,https://www.woodscrossingslc.com/accessible-one-page | https://www.woodscrossingslc.com/gallery,downloaded
image-023,https://assets.marketapts.com/assets/converted/662PBC/images/apartments/photos/730a618f673f5be717cc16c547f88ee3.jpg.jpg.800x600.jpg,/assets/source/clubhouse-woods-crossing-f08e1ba0.jpg,clubhouse-woods-crossing-f08e1ba0.jpg,Clubhouse | Woods Crossing,img,image/jpeg,https://www.woodscrossingslc.com/gallery,downloaded
image-024,https://assets.marketapts.com/assets/converted/662PBC/images/apartments/photos/7c7c94bf794c56178ec65d9ab51d2f71.jpg.800x600.jpg,/assets/source/bedroom-woods-crossing-6744a928.jpg,bedroom-woods-crossing-6744a928.jpg,Bedroom | Woods Crossing,img,image/jpeg,https://www.woodscrossingslc.com/accessible-one-page,downloaded
image-025,https://assets.marketapts.com/assets/converted/662PBC/images/apartments/photos/7c7c94bf794c56178ec65d9ab51d2f71.jpg.800x600.webp,/assets/source/7c7c94bf794c56178ec65d9ab51d2f71-e01eebed.800x600.webp,7c7c94bf794c56178ec65d9ab51d2f71-e01eebed.800x600.webp,,source,image/webp,https://www.woodscrossingslc.com/accessible-one-page | https://www.woodscrossingslc.com/gallery,downloaded
image-026,https://assets.marketapts.com/assets/converted/662PBC/images/apartments/photos/7c7c94bf794c56178ec65d9ab51d2f71.jpg.jpg.800x600.jpg,/assets/source/bedroom-woods-crossing-d9297ddf.jpg,bedroom-woods-crossing-d9297ddf.jpg,Bedroom | Woods Crossing,img,image/jpeg,https://www.woodscrossingslc.com/gallery,downloaded
image-027,https://assets.marketapts.com/assets/converted/662PBC/images/apartments/photos/93deecfc055e999b49cad87c4cdc2e48.jpg.800x600.jpg,/assets/source/clubhouse-lounge-woods-crossing-54fc51e2.jpg,clubhouse-lounge-woods-crossing-54fc51e2.jpg,Clubhouse Lounge | Woods Crossing,img,image/jpeg,https://www.woodscrossingslc.com/accessible-one-page,downloaded
image-028,https://assets.marketapts.com/assets/converted/662PBC/images/apartments/photos/93deecfc055e999b49cad87c4cdc2e48.jpg.800x600.webp,/assets/source/93deecfc055e999b49cad87c4cdc2e48-a51928b3.800x600.webp,93deecfc055e999b49cad87c4cdc2e48-a51928b3.800x600.webp,,source,image/webp,https://www.woodscrossingslc.com/accessible-one-page | https://www.woodscrossingslc.com/gallery,downloaded
image-029,https://assets.marketapts.com/assets/converted/662PBC/images/apartments/photos/93deecfc055e999b49cad87c4cdc2e48.jpg.jpg.800x600.jpg,/assets/source/clubhouse-lounge-woods-crossing-3cea8c79.jpg,clubhouse-lounge-woods-crossing-3cea8c79.jpg,Clubhouse Lounge | Woods Crossing,img,image/jpeg,https://www.woodscrossingslc.com/gallery,downloaded
image-030,https://assets.marketapts.com/assets/converted/662PBC/images/apartments/photos/a10a7deda84e5c78d805de7ff45d9d13.jpg.800x600.jpg,/assets/source/living-room-woods-crossing-2e8b291c.jpg,living-room-woods-crossing-2e8b291c.jpg,Living Room | Woods Crossing,img,image/jpeg,https://www.woodscrossingslc.com/accessible-one-page,downloaded
image-031,https://assets.marketapts.com/assets/converted/662PBC/images/apartments/photos/a10a7deda84e5c78d805de7ff45d9d13.jpg.800x600.webp,/assets/source/a10a7deda84e5c78d805de7ff45d9d13-5ff82586.800x600.webp,a10a7deda84e5c78d805de7ff45d9d13-5ff82586.800x600.webp,,source,image/webp,https://www.woodscrossingslc.com/accessible-one-page | https://www.woodscrossingslc.com/gallery,downloaded
image-032,https://assets.marketapts.com/assets/converted/662PBC/images/apartments/photos/a10a7deda84e5c78d805de7ff45d9d13.jpg.jpg.800x600.jpg,/assets/source/living-room-woods-crossing-b394225a.jpg,living-room-woods-crossing-b394225a.jpg,Living Room | Woods Crossing,img,image/jpeg,https://www.woodscrossingslc.com/gallery,downloaded
image-033,https://assets.marketapts.com/assets/converted/662PBC/images/apartments/photos/aaa20cbd734c69b461736cfcd62c786d.jpg.800x600.jpg,/assets/source/club-house-exterior-woods-crossing-5b2ff0df.jpg,club-house-exterior-woods-crossing-5b2ff0df.jpg,Club House Exterior | Woods Crossing,img,image/jpeg,https://www.woodscrossingslc.com/accessible-one-page,downloaded
image-034,https://assets.marketapts.com/assets/converted/662PBC/images/apartments/photos/aaa20cbd734c69b461736cfcd62c786d.jpg.800x600.webp,/assets/source/aaa20cbd734c69b461736cfcd62c786d-f2bdd14f.800x600.webp,aaa20cbd734c69b461736cfcd62c786d-f2bdd14f.800x600.webp,,source,image/webp,https://www.woodscrossingslc.com/accessible-one-page | https://www.woodscrossingslc.com/gallery,downloaded
image-035,https://assets.marketapts.com/assets/converted/662PBC/images/apartments/photos/aaa20cbd734c69b461736cfcd62c786d.jpg.jpg.800x600.jpg,/assets/source/club-house-exterior-woods-crossing-3f1debe4.jpg,club-house-exterior-woods-crossing-3f1debe4.jpg,Club House Exterior | Woods Crossing,img,image/jpeg,https://www.woodscrossingslc.com/gallery,downloaded
image-036,https://assets.marketapts.com/assets/converted/662PBC/images/apartments/photos/aacb5540b7ffb32254674f11d26756fe.jpg.800x600.jpg,/assets/source/monument-sign-woods-crossing-5e87ad2b.jpg,monument-sign-woods-crossing-5e87ad2b.jpg,Monument Sign | Woods Crossing,img,image/jpeg,https://www.woodscrossingslc.com/accessible-one-page,downloaded
image-037,https://assets.marketapts.com/assets/converted/662PBC/images/apartments/photos/aacb5540b7ffb32254674f11d26756fe.jpg.800x600.webp,/assets/source/aacb5540b7ffb32254674f11d26756fe-5bd9f66c.800x600.webp,aacb5540b7ffb32254674f11d26756fe-5bd9f66c.800x600.webp,,source,image/webp,https://www.woodscrossingslc.com/accessible-one-page | https://www.woodscrossingslc.com/gallery,downloaded
image-038,https://assets.marketapts.com/assets/converted/662PBC/images/apartments/photos/aacb5540b7ffb32254674f11d26756fe.jpg.jpg.800x600.jpg,/assets/source/monument-sign-woods-crossing-7e7f358f.jpg,monument-sign-woods-crossing-7e7f358f.jpg,Monument Sign | Woods Crossing,img,image/jpeg,https://www.woodscrossingslc.com/gallery,downloaded
image-039,https://assets.marketapts.com/assets/converted/662PBC/images/apartments/photos/b46d08bef29e83e85ec26a28adcaebba.jpg.800x600.jpg,/assets/source/playground-woods-crossing-e36261ad.jpg,playground-woods-crossing-e36261ad.jpg,Playground | Woods Crossing,img,image/jpeg,https://www.woodscrossingslc.com/accessible-one-page,downloaded
image-040,https://assets.marketapts.com/assets/converted/662PBC/images/apartments/photos/b46d08bef29e83e85ec26a28adcaebba.jpg.800x600.webp,/assets/source/b46d08bef29e83e85ec26a28adcaebba-9af34522.800x600.webp,b46d08bef29e83e85ec26a28adcaebba-9af34522.800x600.webp,,source,image/webp,https://www.woodscrossingslc.com/accessible-one-page | https://www.woodscrossingslc.com/gallery,downloaded
image-041,https://assets.marketapts.com/assets/converted/662PBC/images/apartments/photos/b46d08bef29e83e85ec26a28adcaebba.jpg.jpg.800x600.jpg,/assets/source/playground-woods-crossing-dbbdc551.jpg,playground-woods-crossing-dbbdc551.jpg,Playground | Woods Crossing,img,image/jpeg,https://www.woodscrossingslc.com/gallery,downloaded
image-042,https://assets.marketapts.com/assets/converted/662PBC/images/apartments/photos/b7d76e610dfb9e50b98b3ce9be456bdb.jpg.800x600.jpg,/assets/source/aerial-view-woods-crossing-da56fb88.jpg,aerial-view-woods-crossing-da56fb88.jpg,Aerial View | Woods Crossing,img,image/jpeg,https://www.woodscrossingslc.com/accessible-one-page,downloaded
image-043,https://assets.marketapts.com/assets/converted/662PBC/images/apartments/photos/b7d76e610dfb9e50b98b3ce9be456bdb.jpg.800x600.webp,/assets/source/b7d76e610dfb9e50b98b3ce9be456bdb-35cc8700.800x600.webp,b7d76e610dfb9e50b98b3ce9be456bdb-35cc8700.800x600.webp,,source,image/webp,https://www.woodscrossingslc.com/accessible-one-page | https://www.woodscrossingslc.com/gallery,downloaded
image-044,https://assets.marketapts.com/assets/converted/662PBC/images/apartments/photos/b7d76e610dfb9e50b98b3ce9be456bdb.jpg.jpg.800x600.jpg,/assets/source/aerial-view-woods-crossing-90f8a165.jpg,aerial-view-woods-crossing-90f8a165.jpg,Aerial View | Woods Crossing,img,image/jpeg,https://www.woodscrossingslc.com/gallery,downloaded
image-045,https://assets.marketapts.com/assets/converted/662PBC/images/apartments/photos/bc87c936f553c9563b576bf1d8beae5f.jpg.800x600.jpg,/assets/source/clubhouse-coffee-station-woods-crossing-afb96f69.jpg,clubhouse-coffee-station-woods-crossing-afb96f69.jpg,Clubhouse Coffee Station | Woods Crossing,img,image/jpeg,https://www.woodscrossingslc.com/accessible-one-page,downloaded
image-046,https://assets.marketapts.com/assets/converted/662PBC/images/apartments/photos/bc87c936f553c9563b576bf1d8beae5f.jpg.800x600.webp,/assets/source/bc87c936f553c9563b576bf1d8beae5f-c2ff8c39.800x600.webp,bc87c936f553c9563b576bf1d8beae5f-c2ff8c39.800x600.webp,,source,image/webp,https://www.woodscrossingslc.com/accessible-one-page | https://www.woodscrossingslc.com/gallery,downloaded
image-047,https://assets.marketapts.com/assets/converted/662PBC/images/apartments/photos/bc87c936f553c9563b576bf1d8beae5f.jpg.jpg.800x600.jpg,/assets/source/clubhouse-coffee-station-woods-crossing-3b3f9b12.jpg,clubhouse-coffee-station-woods-crossing-3b3f9b12.jpg,Clubhouse Coffee Station | Woods Crossing,img,image/jpeg,https://www.woodscrossingslc.com/gallery,downloaded
image-048,https://assets.marketapts.com/assets/converted/662PBC/images/apartments/photos/c22a3fea51f62aa5dad60d4487bda681.jpg.800x600.jpg,/assets/source/bathroom-woods-crossing-016765b2.jpg,bathroom-woods-crossing-016765b2.jpg,Bathroom | Woods Crossing,img,image/jpeg,https://www.woodscrossingslc.com/accessible-one-page,downloaded
image-049,https://assets.marketapts.com/assets/converted/662PBC/images/apartments/photos/c22a3fea51f62aa5dad60d4487bda681.jpg.800x600.webp,/assets/source/c22a3fea51f62aa5dad60d4487bda681-9133d75b.800x600.webp,c22a3fea51f62aa5dad60d4487bda681-9133d75b.800x600.webp,,source,image/webp,https://www.woodscrossingslc.com/accessible-one-page | https://www.woodscrossingslc.com/gallery,downloaded
image-050,https://assets.marketapts.com/assets/converted/662PBC/images/apartments/photos/c22a3fea51f62aa5dad60d4487bda681.jpg.jpg.800x600.jpg,/assets/source/bathroom-woods-crossing-3becca31.jpg,bathroom-woods-crossing-3becca31.jpg,Bathroom | Woods Crossing,img,image/jpeg,https://www.woodscrossingslc.com/gallery,downloaded
image-051,https://assets.marketapts.com/assets/converted/662PBC/images/apartments/photos/dna5lhk168omsvj85yve117o7y7das9w.jpg.800x600.jpg,/assets/source/bathroom-with-shower-tub-and-bathroom-mirror-woods-crossing-efc40b39.jpg,bathroom-with-shower-tub-and-bathroom-mirror-woods-crossing-efc40b39.jpg,Bathroom with Shower/Tub and Bathroom Mirror | Woods Crossing,img,image/jpeg,https://www.woodscrossingslc.com/accessible-one-page,downloaded
image-052,https://assets.marketapts.com/assets/converted/662PBC/images/apartments/photos/dna5lhk168omsvj85yve117o7y7das9w.jpg.800x600.webp,/assets/source/dna5lhk168omsvj85yve117o7y7das9w-bfbdd337.800x600.webp,dna5lhk168omsvj85yve117o7y7das9w-bfbdd337.800x600.webp,,source,image/webp,https://www.woodscrossingslc.com/accessible-one-page | https://www.woodscrossingslc.com/gallery,downloaded
image-053,https://assets.marketapts.com/assets/converted/662PBC/images/apartments/photos/dna5lhk168omsvj85yve117o7y7das9w.jpg.jpg.800x600.jpg,/assets/source/bathroom-with-shower-tub-and-bathroom-mirror-woods-crossing-2be212ed.jpg,bathroom-with-shower-tub-and-bathroom-mirror-woods-crossing-2be212ed.jpg,Bathroom with Shower/Tub and Bathroom Mirror | Woods Crossing,img,image/jpeg,https://www.woodscrossingslc.com/gallery,downloaded
image-054,https://assets.marketapts.com/assets/converted/662PBC/images/apartments/photos/e0c94e028ad6a33de335e5d77cab45b5.jpg.800x600.jpg,/assets/source/swimming-pool-woods-crossing-b08c0869.jpg,swimming-pool-woods-crossing-b08c0869.jpg,Swimming Pool | Woods Crossing,img,image/jpeg,https://www.woodscrossingslc.com/accessible-one-page,downloaded
image-055,https://assets.marketapts.com/assets/converted/662PBC/images/apartments/photos/e0c94e028ad6a33de335e5d77cab45b5.jpg.800x600.webp,/assets/source/e0c94e028ad6a33de335e5d77cab45b5-012aa987.800x600.webp,e0c94e028ad6a33de335e5d77cab45b5-012aa987.800x600.webp,,source,image/webp,https://www.woodscrossingslc.com/accessible-one-page | https://www.woodscrossingslc.com/gallery,downloaded
image-056,https://assets.marketapts.com/assets/converted/662PBC/images/apartments/photos/e0c94e028ad6a33de335e5d77cab45b5.jpg.jpg.800x600.jpg,/assets/source/swimming-pool-woods-crossing-39639064.jpg,swimming-pool-woods-crossing-39639064.jpg,Swimming Pool | Woods Crossing,img,image/jpeg,https://www.woodscrossingslc.com/gallery,downloaded
image-057,https://assets.marketapts.com/assets/converted/662PBC/images/apartments/photos/ecf7dbaa0780e678283f75db31864cfd.jpg.800x600.jpg,/assets/source/exterior-woods-crossing-02e0d1bd.jpg,exterior-woods-crossing-02e0d1bd.jpg,Exterior | Woods Crossing,img,image/jpeg,https://www.woodscrossingslc.com/accessible-one-page,downloaded
image-058,https://assets.marketapts.com/assets/converted/662PBC/images/apartments/photos/ecf7dbaa0780e678283f75db31864cfd.jpg.800x600.webp,/assets/source/ecf7dbaa0780e678283f75db31864cfd-6719a980.800x600.webp,ecf7dbaa0780e678283f75db31864cfd-6719a980.800x600.webp,,source,image/webp,https://www.woodscrossingslc.com/accessible-one-page | https://www.woodscrossingslc.com/gallery,downloaded
image-059,https://assets.marketapts.com/assets/converted/662PBC/images/apartments/photos/ecf7dbaa0780e678283f75db31864cfd.jpg.jpg.800x600.jpg,/assets/source/exterior-woods-crossing-20402bb1.jpg,exterior-woods-crossing-20402bb1.jpg,Exterior | Woods Crossing,img,image/jpeg,https://www.woodscrossingslc.com/gallery,downloaded
image-060,https://assets.marketapts.com/assets/converted/662PBC/images/apartments/photos/f8z2q0u1mrsb3jk6x66mmo9p04fea13d.jpg.800x600.jpg,/assets/source/kitchen-with-wood-style-cabinets-and-flooring-with-patio-ent-7808e919.jpg,kitchen-with-wood-style-cabinets-and-flooring-with-patio-ent-7808e919.jpg,Kitchen with Wood Style Cabinets and Flooring with Patio Entrance | Woods Crossing,img,image/jpeg,https://www.woodscrossingslc.com/accessible-one-page,downloaded
image-061,https://assets.marketapts.com/assets/converted/662PBC/images/apartments/photos/f8z2q0u1mrsb3jk6x66mmo9p04fea13d.jpg.800x600.webp,/assets/source/f8z2q0u1mrsb3jk6x66mmo9p04fea13d-313a5fd1.800x600.webp,f8z2q0u1mrsb3jk6x66mmo9p04fea13d-313a5fd1.800x600.webp,,source,image/webp,https://www.woodscrossingslc.com/accessible-one-page | https://www.woodscrossingslc.com/gallery,downloaded
image-062,https://assets.marketapts.com/assets/converted/662PBC/images/apartments/photos/f8z2q0u1mrsb3jk6x66mmo9p04fea13d.jpg.jpg.800x600.jpg,/assets/source/kitchen-with-wood-style-cabinets-and-flooring-with-patio-ent-8076b48e.jpg,kitchen-with-wood-style-cabinets-and-flooring-with-patio-ent-8076b48e.jpg,Kitchen with Wood Style Cabinets and Flooring with Patio Entrance | Woods Crossing,img,image/jpeg,https://www.woodscrossingslc.com/gallery,downloaded
image-063,https://assets.marketapts.com/assets/converted/662PBC/images/apartments/photos/fcvxlllfwj5cfz6vdkm08aaxf2ku89ce.jpg.800x600.jpg,/assets/source/living-room-with-carpeted-flooring-and-ceiling-fan-and-windo-36c00d61.jpg,living-room-with-carpeted-flooring-and-ceiling-fan-and-windo-36c00d61.jpg,Living Room with Carpeted Flooring and Ceiling Fan and Windows | Woods Crossing,img,image/jpeg,https://www.woodscrossingslc.com/accessible-one-page,downloaded
image-064,https://assets.marketapts.com/assets/converted/662PBC/images/apartments/photos/fcvxlllfwj5cfz6vdkm08aaxf2ku89ce.jpg.800x600.webp,/assets/source/fcvxlllfwj5cfz6vdkm08aaxf2ku89ce-f074c8b2.800x600.webp,fcvxlllfwj5cfz6vdkm08aaxf2ku89ce-f074c8b2.800x600.webp,,source,image/webp,https://www.woodscrossingslc.com/accessible-one-page | https://www.woodscrossingslc.com/gallery,downloaded
image-065,https://assets.marketapts.com/assets/converted/662PBC/images/apartments/photos/fcvxlllfwj5cfz6vdkm08aaxf2ku89ce.jpg.jpg.800x600.jpg,/assets/source/living-room-with-carpeted-flooring-and-ceiling-fan-and-windo-af1fb74c.jpg,living-room-with-carpeted-flooring-and-ceiling-fan-and-windo-af1fb74c.jpg,Living Room with Carpeted Flooring and Ceiling Fan and Windows | Woods Crossing,img,image/jpeg,https://www.woodscrossingslc.com/gallery,downloaded
image-066,https://assets.marketapts.com/assets/converted/662PBC/images/apartments/photos/tx01kok3ppytzmjq428j6ntu1jtidqxk.jpg.800x600.jpg,/assets/source/living-room-with-ceiling-fan-and-carpeted-flooring-woods-cro-80182834.jpg,living-room-with-ceiling-fan-and-carpeted-flooring-woods-cro-80182834.jpg,Living Room with Ceiling Fan and Carpeted Flooring | Woods Crossing,img,image/jpeg,https://www.woodscrossingslc.com/accessible-one-page,downloaded
image-067,https://assets.marketapts.com/assets/converted/662PBC/images/apartments/photos/tx01kok3ppytzmjq428j6ntu1jtidqxk.jpg.800x600.webp,/assets/source/tx01kok3ppytzmjq428j6ntu1jtidqxk-82a49c8c.800x600.webp,tx01kok3ppytzmjq428j6ntu1jtidqxk-82a49c8c.800x600.webp,,source,image/webp,https://www.woodscrossingslc.com/accessible-one-page | https://www.woodscrossingslc.com/gallery,downloaded
image-068,https://assets.marketapts.com/assets/converted/662PBC/images/apartments/photos/tx01kok3ppytzmjq428j6ntu1jtidqxk.jpg.jpg.800x600.jpg,/assets/source/living-room-with-ceiling-fan-and-carpeted-flooring-woods-cro-e887af52.jpg,living-room-with-ceiling-fan-and-carpeted-flooring-woods-cro-e887af52.jpg,Living Room with Ceiling Fan and Carpeted Flooring | Woods Crossing,img,image/jpeg,https://www.woodscrossingslc.com/gallery,downloaded
image-069,https://assets.marketapts.com/assets/converted/662PBC/images/apartments/photos/w6hnxai6kp7r4fcsp86e93c8mnau8u30.jpg.800x600.jpg,/assets/source/kitchen-with-wood-style-flooring-and-cabinets-and-ceiling-fa-211fcfeb.jpg,kitchen-with-wood-style-flooring-and-cabinets-and-ceiling-fa-211fcfeb.jpg,Kitchen with Wood Style Flooring and Cabinets and Ceiling Fan | Woods Crossing,img,image/jpeg,https://www.woodscrossingslc.com/accessible-one-page,downloaded
image-070,https://assets.marketapts.com/assets/converted/662PBC/images/apartments/photos/w6hnxai6kp7r4fcsp86e93c8mnau8u30.jpg.800x600.webp,/assets/source/w6hnxai6kp7r4fcsp86e93c8mnau8u30-f06682e2.800x600.webp,w6hnxai6kp7r4fcsp86e93c8mnau8u30-f06682e2.800x600.webp,,source,image/webp,https://www.woodscrossingslc.com/accessible-one-page | https://www.woodscrossingslc.com/gallery,downloaded
image-071,https://assets.marketapts.com/assets/converted/662PBC/images/apartments/photos/w6hnxai6kp7r4fcsp86e93c8mnau8u30.jpg.jpg.800x600.jpg,/assets/source/kitchen-with-wood-style-flooring-and-cabinets-and-ceiling-fa-f1ddf723.jpg,kitchen-with-wood-style-flooring-and-cabinets-and-ceiling-fa-f1ddf723.jpg,Kitchen with Wood Style Flooring and Cabinets and Ceiling Fan | Woods Crossing,img,image/jpeg,https://www.woodscrossingslc.com/gallery,downloaded
image-072,https://assets.marketapts.com/assets/converted/662PBC/images/apartments/photos/wtf2erf62gw4aj9vg96p5g30w51f72fi.jpg.800x600.jpg,/assets/source/kitchen-with-cabinets-and-wood-style-flooring-woods-crossing-810c531b.jpg,kitchen-with-cabinets-and-wood-style-flooring-woods-crossing-810c531b.jpg,Kitchen with Cabinets and Wood Style Flooring | Woods Crossing,img,image/jpeg,https://www.woodscrossingslc.com/accessible-one-page,downloaded
image-073,https://assets.marketapts.com/assets/converted/662PBC/images/apartments/photos/wtf2erf62gw4aj9vg96p5g30w51f72fi.jpg.800x600.webp,/assets/source/wtf2erf62gw4aj9vg96p5g30w51f72fi-4901c7cd.800x600.webp,wtf2erf62gw4aj9vg96p5g30w51f72fi-4901c7cd.800x600.webp,,source,image/webp,https://www.woodscrossingslc.com/accessible-one-page | https://www.woodscrossingslc.com/gallery,downloaded
image-074,https://assets.marketapts.com/assets/converted/662PBC/images/apartments/photos/wtf2erf62gw4aj9vg96p5g30w51f72fi.jpg.jpg.800x600.jpg,/assets/source/kitchen-with-cabinets-and-wood-style-flooring-woods-crossing-533bd552.jpg,kitchen-with-cabinets-and-wood-style-flooring-woods-crossing-533bd552.jpg,Kitchen with Cabinets and Wood Style Flooring | Woods Crossing,img,image/jpeg,https://www.woodscrossingslc.com/gallery,downloaded
image-075,https://assets.marketapts.com/assets/converted/662PBC/images/apartments/properties/5f97a2b6-1dad-432c-89ec-ad3c0901c8ad.png.png,/assets/source/woods-crossing-logo-45509360.png,woods-crossing-logo-45509360.png,Woods Crossing Logo,img,image/png,https://www.woodscrossingslc.com/ | https://www.woodscrossingslc.com/accessibility-statement | https://www.woodscrossingslc.com/amenities | https://www.woodscrossingslc.com/apartment-search | https://www.woodscrossingslc.com/apartments/layout-a | https://www.woodscrossingslc.com/apartments/layout-b | https://www.woodscrossingslc.com/apartments/layout-c | https://www.woodscrossingslc.com/apartments/layout-d | https://www.woodscrossingslc.com/apply-now | https://www.woodscrossingslc.com/apply-now/layout-a/6a | https://www.woodscrossingslc.com/apply-now/layout-a/7e | https://www.woodscrossingslc.com/apply-now/layout-b/1d | https://www.woodscrossingslc.com/apply-now/layout-b/8f | https://www.woodscrossingslc.com/apply-now/layout-c/1g | https://www.woodscrossingslc.com/apply-now/layout-d/1h | https://www.woodscrossingslc.com/apply-now/layout-d/8j | https://www.woodscrossingslc.com/apply-online | https://www.woodscrossingslc.com/availability | https://www.woodscrossingslc.com/contact | https://www.woodscrossingslc.com/disclosure-fees | https://www.woodscrossingslc.com/floor-plans | https://www.woodscrossingslc.com/frequently-asked-questions | https://www.woodscrossingslc.com/gallery | https://www.woodscrossingslc.com/getdirections | https://www.woodscrossingslc.com/neighborhood | https://www.woodscrossingslc.com/north-salt-lake-ut/amenities | https://www.woodscrossingslc.com/north-salt-lake-ut/neighborhood | https://www.woodscrossingslc.com/pet-friendly | https://www.woodscrossingslc.com/privacy-policy | https://www.woodscrossingslc.com/rental-scams | https://www.woodscrossingslc.com/residents | https://www.woodscrossingslc.com/reviews | https://www.woodscrossingslc.com/schedule-a-tour | https://www.woodscrossingslc.com/terms | https://www.woodscrossingslc.com/terms-of-service | https://www.woodscrossingslc.com/termsofservice | https://www.woodscrossingslc.com/virtual-leasing | https://www.woodscrossingslc.com/virtual-tours,downloaded
image-076,https://assets.marketapts.com/assets/converted/662PBC/images/apartments/properties/5f97a2b6-1dad-432c-89ec-ad3c0901c8ad.png.webp,/assets/source/5f97a2b6-1dad-432c-89ec-ad3c0901c8ad-3ab72f6e.png.webp,5f97a2b6-1dad-432c-89ec-ad3c0901c8ad-3ab72f6e.png.webp,,source,image/webp,https://www.woodscrossingslc.com/ | https://www.woodscrossingslc.com/accessibility-statement | https://www.woodscrossingslc.com/amenities | https://www.woodscrossingslc.com/apartment-search | https://www.woodscrossingslc.com/apartments/layout-a | https://www.woodscrossingslc.com/apartments/layout-b | https://www.woodscrossingslc.com/apartments/layout-c | https://www.woodscrossingslc.com/apartments/layout-d | https://www.woodscrossingslc.com/apply-now | https://www.woodscrossingslc.com/apply-now/layout-a/6a | https://www.woodscrossingslc.com/apply-now/layout-a/7e | https://www.woodscrossingslc.com/apply-now/layout-b/1d | https://www.woodscrossingslc.com/apply-now/layout-b/8f | https://www.woodscrossingslc.com/apply-now/layout-c/1g | https://www.woodscrossingslc.com/apply-now/layout-d/1h | https://www.woodscrossingslc.com/apply-now/layout-d/8j | https://www.woodscrossingslc.com/apply-online | https://www.woodscrossingslc.com/availability | https://www.woodscrossingslc.com/contact | https://www.woodscrossingslc.com/disclosure-fees | https://www.woodscrossingslc.com/floor-plans | https://www.woodscrossingslc.com/frequently-asked-questions | https://www.woodscrossingslc.com/gallery | https://www.woodscrossingslc.com/getdirections | https://www.woodscrossingslc.com/neighborhood | https://www.woodscrossingslc.com/north-salt-lake-ut/amenities | https://www.woodscrossingslc.com/north-salt-lake-ut/neighborhood | https://www.woodscrossingslc.com/pet-friendly | https://www.woodscrossingslc.com/privacy-policy | https://www.woodscrossingslc.com/rental-scams | https://www.woodscrossingslc.com/residents | https://www.woodscrossingslc.com/reviews | https://www.woodscrossingslc.com/schedule-a-tour | https://www.woodscrossingslc.com/terms | https://www.woodscrossingslc.com/terms-of-service | https://www.woodscrossingslc.com/termsofservice | https://www.woodscrossingslc.com/virtual-leasing | https://www.woodscrossingslc.com/virtual-tours,downloaded
image-077,https://assets.marketapts.com/assets/converted/662PBC/images/apartments/properties/5f97a2b6-1dad-432c-89ec-ad3c0901c8ad.png.x150.png,/assets/source/woods-crossing-logo-54eaf9cc.png,woods-crossing-logo-54eaf9cc.png,Woods Crossing Logo,img,image/png,https://www.woodscrossingslc.com/reviews,downloaded
image-078,https://assets.marketapts.com/assets/converted/662PBC/images/apartments/properties/5f97a2b6-1dad-432c-89ec-ad3c0901c8ad.png.x150.webp,/assets/source/5f97a2b6-1dad-432c-89ec-ad3c0901c8ad-ba7ea8e0.x150.webp,5f97a2b6-1dad-432c-89ec-ad3c0901c8ad-ba7ea8e0.x150.webp,,source,image/webp,https://www.woodscrossingslc.com/reviews,downloaded
image-079,https://assets.marketapts.com/assets/converted/662PBC/images/apartments/properties/d439f243-6cb7-4e9a-b656-8f57643f928b.jpg.1920x1080.jpg,/assets/source/woods-crossing-apartments-in-north-salt-lake-ut-97b3f1b3.jpg,woods-crossing-apartments-in-north-salt-lake-ut-97b3f1b3.jpg,"Woods Crossing Apartments in North Salt Lake, UT",img,image/jpeg,https://www.woodscrossingslc.com/ | https://www.woodscrossingslc.com/accessibility-statement | https://www.woodscrossingslc.com/amenities | https://www.woodscrossingslc.com/apartment-search | https://www.woodscrossingslc.com/apartments/layout-a | https://www.woodscrossingslc.com/apartments/layout-b | https://www.woodscrossingslc.com/apartments/layout-c | https://www.woodscrossingslc.com/apartments/layout-d | https://www.woodscrossingslc.com/apply-now | https://www.woodscrossingslc.com/apply-now/layout-a/6a | https://www.woodscrossingslc.com/apply-now/layout-a/7e | https://www.woodscrossingslc.com/apply-now/layout-b/1d | https://www.woodscrossingslc.com/apply-now/layout-b/8f | https://www.woodscrossingslc.com/apply-now/layout-c/1g | https://www.woodscrossingslc.com/apply-now/layout-d/1h | https://www.woodscrossingslc.com/apply-now/layout-d/8j | https://www.woodscrossingslc.com/apply-online | https://www.woodscrossingslc.com/availability | https://www.woodscrossingslc.com/contact | https://www.woodscrossingslc.com/disclosure-fees | https://www.woodscrossingslc.com/floor-plans | https://www.woodscrossingslc.com/frequently-asked-questions | https://www.woodscrossingslc.com/gallery | https://www.woodscrossingslc.com/getdirections | https://www.woodscrossingslc.com/neighborhood | https://www.woodscrossingslc.com/north-salt-lake-ut/amenities | https://www.woodscrossingslc.com/north-salt-lake-ut/neighborhood | https://www.woodscrossingslc.com/pet-friendly | https://www.woodscrossingslc.com/privacy-policy | https://www.woodscrossingslc.com/rental-scams | https://www.woodscrossingslc.com/residents | https://www.woodscrossingslc.com/reviews | https://www.woodscrossingslc.com/schedule-a-tour | https://www.woodscrossingslc.com/terms | https://www.woodscrossingslc.com/terms-of-service | https://www.woodscrossingslc.com/termsofservice | https://www.woodscrossingslc.com/virtual-leasing | https://www.woodscrossingslc.com/virtual-tours,downloaded
image-080,https://assets.marketapts.com/assets/converted/662PBC/images/apartments/properties/d439f243-6cb7-4e9a-b656-8f57643f928b.jpg.1920x1080.webp,/assets/source/d439f243-6cb7-4e9a-b656-8f57643f928b-34aef248.1920x1080.webp,d439f243-6cb7-4e9a-b656-8f57643f928b-34aef248.1920x1080.webp,,source,image/webp,https://www.woodscrossingslc.com/ | https://www.woodscrossingslc.com/frequently-asked-questions | https://www.woodscrossingslc.com/virtual-tours,downloaded
image-081,https://assets.marketapts.com/assets/converted/662PBC/images/apartments/properties/d439f243-6cb7-4e9a-b656-8f57643f928b.jpg.800x800.jpg,/assets/source/d439f243-6cb7-4e9a-b656-8f57643f928b-509e61c9.jpg,d439f243-6cb7-4e9a-b656-8f57643f928b-509e61c9.jpg,,source,image/jpeg,https://www.woodscrossingslc.com/ | https://www.woodscrossingslc.com/frequently-asked-questions | https://www.woodscrossingslc.com/virtual-tours,downloaded
image-082,https://assets.marketapts.com/assets/converted/662PBC/images/apartments/properties/d439f243-6cb7-4e9a-b656-8f57643f928b.jpg.800x800.webp,/assets/source/d439f243-6cb7-4e9a-b656-8f57643f928b-b314f06d.800x800.webp,d439f243-6cb7-4e9a-b656-8f57643f928b-b314f06d.800x800.webp,,source,image/webp,https://www.woodscrossingslc.com/ | https://www.woodscrossingslc.com/frequently-asked-questions | https://www.woodscrossingslc.com/virtual-tours,downloaded
image-083,https://assets.marketapts.com/assets/converted/662PBC/images/apartments/seo/.800x600.jpg,/assets/source/applying-on-laptop-56664f97.jpg,applying-on-laptop-56664f97.jpg,Applying on laptop,img,image/jpeg,https://www.woodscrossingslc.com/residents,downloaded
image-084,https://assets.marketapts.com/assets/converted/662PBC/images/apartments/seo/.800x600.webp,/assets/source/image-6ad695a8.webp,image-6ad695a8.webp,,source,image/webp,https://www.woodscrossingslc.com/residents,downloaded
image-085,https://assets.marketapts.com/assets/converted/662PBC/images/apartments/seo/18791294-5b9b-4241-83be-1023b2437285.png.418x418.png,/assets/source/pet-friendly-north-salt-lake-apartments-eca5698b.png,pet-friendly-north-salt-lake-apartments-eca5698b.png,Pet Friendly North Salt Lake Apartments,img,image/png,https://www.woodscrossingslc.com/pet-friendly,downloaded
image-086,https://assets.marketapts.com/assets/converted/662PBC/images/apartments/seo/18791294-5b9b-4241-83be-1023b2437285.png.418x418.webp,/assets/source/18791294-5b9b-4241-83be-1023b2437285-5bd8d560.418x418.webp,18791294-5b9b-4241-83be-1023b2437285-5bd8d560.418x418.webp,,source,image/webp,https://www.woodscrossingslc.com/pet-friendly,downloaded
image-087,https://assets.marketapts.com/assets/converted/662PBC/images/apartments/seo/Award_2026-03-17-12-41-13.jpg.1280x720.jpg,/assets/source/woods-crossing-apartments-neighborhood-94cb740f.jpg,woods-crossing-apartments-neighborhood-94cb740f.jpg,Woods Crossing Apartments Neighborhood,img,image/jpeg,https://www.woodscrossingslc.com/ | https://www.woodscrossingslc.com/frequently-asked-questions | https://www.woodscrossingslc.com/virtual-tours,downloaded
image-088,https://assets.marketapts.com/assets/converted/662PBC/images/apartments/seo/Award_2026-03-17-12-41-13.jpg.1280x720.webp,/assets/source/award-2026-03-17-12-41-13-ca9043f9.1280x720.webp,award-2026-03-17-12-41-13-ca9043f9.1280x720.webp,,source,image/webp,https://www.woodscrossingslc.com/ | https://www.woodscrossingslc.com/frequently-asked-questions | https://www.woodscrossingslc.com/virtual-tours,downloaded
image-089,https://assets.marketapts.com/assets/converted/662PBC/images/apartments/seo/Award_2026-03-17-12-41-13.jpg.640x360.jpg,/assets/source/award-2026-03-17-12-41-13-871fe0d9.jpg,award-2026-03-17-12-41-13-871fe0d9.jpg,,source,image/jpeg,https://www.woodscrossingslc.com/ | https://www.woodscrossingslc.com/frequently-asked-questions | https://www.woodscrossingslc.com/virtual-tours,downloaded
image-090,https://assets.marketapts.com/assets/converted/662PBC/images/apartments/seo/Award_2026-03-17-12-41-13.jpg.640x360.webp,/assets/source/award-2026-03-17-12-41-13-1b3e8a2e.640x360.webp,award-2026-03-17-12-41-13-1b3e8a2e.640x360.webp,,source,image/webp,https://www.woodscrossingslc.com/ | https://www.woodscrossingslc.com/frequently-asked-questions | https://www.woodscrossingslc.com/virtual-tours,downloaded
image-091,https://assets.marketapts.com/assets/converted/662PBC/images/apartments/seo/aef63ad1-b4b3-43a1-8ffb-fc982b8d1f60.jpg.640x360.jpg,/assets/source/aef63ad1-b4b3-43a1-8ffb-fc982b8d1f60-ce4597b6.jpg,aef63ad1-b4b3-43a1-8ffb-fc982b8d1f60-ce4597b6.jpg,,source,image/jpeg,https://www.woodscrossingslc.com/amenities | https://www.woodscrossingslc.com/north-salt-lake-ut/amenities,downloaded
image-092,https://assets.marketapts.com/assets/converted/662PBC/images/apartments/seo/aef63ad1-b4b3-43a1-8ffb-fc982b8d1f60.jpg.640x360.webp,/assets/source/aef63ad1-b4b3-43a1-8ffb-fc982b8d1f60-2ce43b2c.640x360.webp,aef63ad1-b4b3-43a1-8ffb-fc982b8d1f60-2ce43b2c.640x360.webp,,source,image/webp,https://www.woodscrossingslc.com/amenities | https://www.woodscrossingslc.com/north-salt-lake-ut/amenities,downloaded
image-093,https://assets.marketapts.com/assets/converted/662PBC/images/apartments/seo/aef63ad1-b4b3-43a1-8ffb-fc982b8d1f60.jpg.800x600.jpg,/assets/source/woods-crossing-apartments-e2b67140.jpg,woods-crossing-apartments-e2b67140.jpg,Woods Crossing Apartments,img,image/jpeg,https://www.woodscrossingslc.com/amenities | https://www.woodscrossingslc.com/north-salt-lake-ut/amenities,downloaded
image-094,https://assets.marketapts.com/assets/converted/662PBC/images/apartments/seo/aef63ad1-b4b3-43a1-8ffb-fc982b8d1f60.jpg.800x600.webp,/assets/source/aef63ad1-b4b3-43a1-8ffb-fc982b8d1f60-8b8f0ca4.800x600.webp,aef63ad1-b4b3-43a1-8ffb-fc982b8d1f60-8b8f0ca4.800x600.webp,,source,image/webp,https://www.woodscrossingslc.com/amenities | https://www.woodscrossingslc.com/north-salt-lake-ut/amenities,downloaded
image-095,https://assets.marketapts.com/assets/converted/662PBC/images/apartments/seo/afa157dc-3b8e-4916-8275-2fbc8d131c23.jpg.640x360.jpg,/assets/source/afa157dc-3b8e-4916-8275-2fbc8d131c23-ba6f7640.jpg,afa157dc-3b8e-4916-8275-2fbc8d131c23-ba6f7640.jpg,,source,image/jpeg,https://www.woodscrossingslc.com/amenities | https://www.woodscrossingslc.com/north-salt-lake-ut/amenities,downloaded
image-096,https://assets.marketapts.com/assets/converted/662PBC/images/apartments/seo/afa157dc-3b8e-4916-8275-2fbc8d131c23.jpg.640x360.webp,/assets/source/afa157dc-3b8e-4916-8275-2fbc8d131c23-9864cea6.640x360.webp,afa157dc-3b8e-4916-8275-2fbc8d131c23-9864cea6.640x360.webp,,source,image/webp,https://www.woodscrossingslc.com/amenities | https://www.woodscrossingslc.com/north-salt-lake-ut/amenities,downloaded
image-097,https://assets.marketapts.com/assets/converted/662PBC/images/apartments/seo/afa157dc-3b8e-4916-8275-2fbc8d131c23.jpg.800x600.jpg,/assets/source/woods-crossing-apartments-in-north-salt-lake-b48646cb.jpg,woods-crossing-apartments-in-north-salt-lake-b48646cb.jpg,Woods Crossing Apartments in North Salt Lake,img,image/jpeg,https://www.woodscrossingslc.com/amenities | https://www.woodscrossingslc.com/north-salt-lake-ut/amenities,downloaded
image-098,https://assets.marketapts.com/assets/converted/662PBC/images/apartments/seo/afa157dc-3b8e-4916-8275-2fbc8d131c23.jpg.800x600.webp,/assets/source/afa157dc-3b8e-4916-8275-2fbc8d131c23-310f4948.800x600.webp,afa157dc-3b8e-4916-8275-2fbc8d131c23-310f4948.800x600.webp,,source,image/webp,https://www.woodscrossingslc.com/amenities | https://www.woodscrossingslc.com/north-salt-lake-ut/amenities,downloaded
image-099,https://assets.marketapts.com/assets/converted/662PBC/images/apartments/seo/cat_2025-10-30-15-20-52.jpg.370x370.jpg,/assets/source/cat-and-owner-626458d6.jpg,cat-and-owner-626458d6.jpg,Cat and Owner,img,image/jpeg,https://www.woodscrossingslc.com/pet-friendly,downloaded
image-100,https://assets.marketapts.com/assets/converted/662PBC/images/apartments/seo/cat_2025-10-30-15-20-52.jpg.370x370.webp,/assets/source/cat-2025-10-30-15-20-52-0061c9c9.370x370.webp,cat-2025-10-30-15-20-52-0061c9c9.370x370.webp,,source,image/webp,https://www.woodscrossingslc.com/pet-friendly,downloaded
image-101,https://assets.marketapts.com/assets/converted/662PBC/images/apartments/seo/d81c93c6-c036-4023-9fea-6ffd345e86ac.jpg.1920x1080.jpg,/assets/source/woods-crossing-apartments-amenities-24907f73.jpg,woods-crossing-apartments-amenities-24907f73.jpg,Woods Crossing Apartments Amenities,img,image/jpeg,https://www.woodscrossingslc.com/ | https://www.woodscrossingslc.com/amenities | https://www.woodscrossingslc.com/frequently-asked-questions | https://www.woodscrossingslc.com/north-salt-lake-ut/amenities | https://www.woodscrossingslc.com/virtual-tours,downloaded
image-102,https://assets.marketapts.com/assets/converted/662PBC/images/apartments/seo/d81c93c6-c036-4023-9fea-6ffd345e86ac.jpg.1920x1080.webp,/assets/source/d81c93c6-c036-4023-9fea-6ffd345e86ac-2d99f4bf.1920x1080.webp,d81c93c6-c036-4023-9fea-6ffd345e86ac-2d99f4bf.1920x1080.webp,,source,image/webp,https://www.woodscrossingslc.com/ | https://www.woodscrossingslc.com/amenities | https://www.woodscrossingslc.com/frequently-asked-questions | https://www.woodscrossingslc.com/north-salt-lake-ut/amenities | https://www.woodscrossingslc.com/virtual-tours,downloaded
image-103,https://assets.marketapts.com/assets/converted/662PBC/images/apartments/seo/d81c93c6-c036-4023-9fea-6ffd345e86ac.jpg.800x800.jpg,/assets/source/d81c93c6-c036-4023-9fea-6ffd345e86ac-36dd9cfb.jpg,d81c93c6-c036-4023-9fea-6ffd345e86ac-36dd9cfb.jpg,,source,image/jpeg,https://www.woodscrossingslc.com/ | https://www.woodscrossingslc.com/amenities | https://www.woodscrossingslc.com/frequently-asked-questions | https://www.woodscrossingslc.com/north-salt-lake-ut/amenities | https://www.woodscrossingslc.com/virtual-tours,downloaded
image-104,https://assets.marketapts.com/assets/converted/662PBC/images/apartments/seo/d81c93c6-c036-4023-9fea-6ffd345e86ac.jpg.800x800.webp,/assets/source/d81c93c6-c036-4023-9fea-6ffd345e86ac-ed98475f.800x800.webp,d81c93c6-c036-4023-9fea-6ffd345e86ac-ed98475f.800x800.webp,,source,image/webp,https://www.woodscrossingslc.com/ | https://www.woodscrossingslc.com/amenities | https://www.woodscrossingslc.com/frequently-asked-questions | https://www.woodscrossingslc.com/north-salt-lake-ut/amenities | https://www.woodscrossingslc.com/virtual-tours,downloaded
image-105,https://assets.marketapts.com/assets/converted/662PBC/images/apartments/seo/dogpark_2025-10-30-15-20-52.jpg.370x370.jpg,/assets/source/dog-park-ce449a93.jpg,dog-park-ce449a93.jpg,Dog Park,img,image/jpeg,https://www.woodscrossingslc.com/pet-friendly,downloaded
image-106,https://assets.marketapts.com/assets/converted/662PBC/images/apartments/seo/dogpark_2025-10-30-15-20-52.jpg.370x370.webp,/assets/source/dogpark-2025-10-30-15-20-52-1357e659.370x370.webp,dogpark-2025-10-30-15-20-52-1357e659.370x370.webp,,source,image/webp,https://www.woodscrossingslc.com/pet-friendly,downloaded
image-107,https://assets.marketapts.com/assets/converted/662PBC/images/apartments/seo/home-1_2025-12-05-11-22-22.jpg.640x360.jpg,/assets/source/home-1-2025-12-05-11-22-22-9db7b56c.jpg,home-1-2025-12-05-11-22-22-9db7b56c.jpg,,source,image/jpeg,https://www.woodscrossingslc.com/ | https://www.woodscrossingslc.com/frequently-asked-questions | https://www.woodscrossingslc.com/virtual-tours,downloaded
image-108,https://assets.marketapts.com/assets/converted/662PBC/images/apartments/seo/home-1_2025-12-05-11-22-22.jpg.640x360.webp,/assets/source/home-1-2025-12-05-11-22-22-738449d6.640x360.webp,home-1-2025-12-05-11-22-22-738449d6.640x360.webp,,source,image/webp,https://www.woodscrossingslc.com/ | https://www.woodscrossingslc.com/frequently-asked-questions | https://www.woodscrossingslc.com/virtual-tours,downloaded
image-109,https://assets.marketapts.com/assets/converted/662PBC/images/apartments/seo/home-1_2025-12-05-11-22-22.jpg.800x450.jpg,/assets/source/woods-crossing-apartments-87d4d125.jpg,woods-crossing-apartments-87d4d125.jpg,Woods Crossing Apartments,img,image/jpeg,https://www.woodscrossingslc.com/ | https://www.woodscrossingslc.com/frequently-asked-questions | https://www.woodscrossingslc.com/virtual-tours,downloaded
image-110,https://assets.marketapts.com/assets/converted/662PBC/images/apartments/seo/home-1_2025-12-05-11-22-22.jpg.800x450.webp,/assets/source/home-1-2025-12-05-11-22-22-93d5582d.800x450.webp,home-1-2025-12-05-11-22-22-93d5582d.800x450.webp,,source,image/webp,https://www.woodscrossingslc.com/ | https://www.woodscrossingslc.com/frequently-asked-questions | https://www.woodscrossingslc.com/virtual-tours,downloaded
image-111,https://assets.marketapts.com/assets/converted/662PBC/images/apartments/seo/home-3_2025-12-05-11-22-22.jpg.1280x720.jpg,/assets/source/woods-crossing-apartments-a-great-place-to-live-3cbfd1e8.jpg,woods-crossing-apartments-a-great-place-to-live-3cbfd1e8.jpg,"Woods Crossing Apartments, a great place to live",img,image/jpeg,https://www.woodscrossingslc.com/ | https://www.woodscrossingslc.com/frequently-asked-questions | https://www.woodscrossingslc.com/virtual-tours,downloaded
image-112,https://assets.marketapts.com/assets/converted/662PBC/images/apartments/seo/home-3_2025-12-05-11-22-22.jpg.1280x720.webp,/assets/source/home-3-2025-12-05-11-22-22-b639acf6.1280x720.webp,home-3-2025-12-05-11-22-22-b639acf6.1280x720.webp,,source,image/webp,https://www.woodscrossingslc.com/ | https://www.woodscrossingslc.com/frequently-asked-questions | https://www.woodscrossingslc.com/virtual-tours,downloaded
image-113,https://assets.marketapts.com/assets/converted/662PBC/images/apartments/seo/home-3_2025-12-05-11-22-22.jpg.640x360.jpg,/assets/source/home-3-2025-12-05-11-22-22-9cdabf81.jpg,home-3-2025-12-05-11-22-22-9cdabf81.jpg,,source,image/jpeg,https://www.woodscrossingslc.com/ | https://www.woodscrossingslc.com/frequently-asked-questions | https://www.woodscrossingslc.com/virtual-tours,downloaded
image-114,https://assets.marketapts.com/assets/converted/662PBC/images/apartments/seo/home-3_2025-12-05-11-22-22.jpg.640x360.webp,/assets/source/home-3-2025-12-05-11-22-22-fa600ba8.640x360.webp,home-3-2025-12-05-11-22-22-fa600ba8.640x360.webp,,source,image/webp,https://www.woodscrossingslc.com/ | https://www.woodscrossingslc.com/frequently-asked-questions | https://www.woodscrossingslc.com/virtual-tours,downloaded
image-115,https://assets.marketapts.com/assets/converted/662PBC/images/apartments/seo/pet-3_2025-10-30-15-20-52.jpg.370x370.jpg,/assets/source/nearby-veterinary-hospitals-291f509d.jpg,nearby-veterinary-hospitals-291f509d.jpg,NEARBY VETERINARY HOSPITALS,img,image/jpeg,https://www.woodscrossingslc.com/pet-friendly,downloaded
image-116,https://assets.marketapts.com/assets/converted/662PBC/images/apartments/seo/pet-3_2025-10-30-15-20-52.jpg.370x370.webp,/assets/source/pet-3-2025-10-30-15-20-52-e85f77c5.370x370.webp,pet-3-2025-10-30-15-20-52-e85f77c5.370x370.webp,,source,image/webp,https://www.woodscrossingslc.com/pet-friendly,downloaded
image-117,https://assets.marketapts.com/assets/converted/662PBC/images/apartments/seo/residents-pets_2025-10-31-10-28-09.jpg.800x600.jpg,/assets/source/woman-with-dog-c4b1254b.jpg,woman-with-dog-c4b1254b.jpg,Woman with dog,img,image/jpeg,https://www.woodscrossingslc.com/residents,downloaded
image-118,https://assets.marketapts.com/assets/converted/662PBC/images/apartments/seo/residents-pets_2025-10-31-10-28-09.jpg.800x600.webp,/assets/source/residents-pets-2025-10-31-10-28-09-e563991b.800x600.webp,residents-pets-2025-10-31-10-28-09-e563991b.800x600.webp,,source,image/webp,https://www.woodscrossingslc.com/residents,downloaded
image-119,https://assets.marketapts.com/assets/converted/COMMON/assets/imagefroms3/COMMON/images/common/disability.png.30.png,/assets/source/disability-access-apartments-90245ca5.png,disability-access-apartments-90245ca5.png,Disability Access Apartments,img,image/png,https://www.woodscrossingslc.com/ | https://www.woodscrossingslc.com/accessibility-statement | https://www.woodscrossingslc.com/amenities | https://www.woodscrossingslc.com/apartment-search | https://www.woodscrossingslc.com/apartments/layout-a | https://www.woodscrossingslc.com/apartments/layout-b | https://www.woodscrossingslc.com/apartments/layout-c | https://www.woodscrossingslc.com/apartments/layout-d | https://www.woodscrossingslc.com/apply-now | https://www.woodscrossingslc.com/apply-now/layout-a/6a | https://www.woodscrossingslc.com/apply-now/layout-a/7e | https://www.woodscrossingslc.com/apply-now/layout-b/1d | https://www.woodscrossingslc.com/apply-now/layout-b/8f | https://www.woodscrossingslc.com/apply-now/layout-c/1g | https://www.woodscrossingslc.com/apply-now/layout-d/1h | https://www.woodscrossingslc.com/apply-now/layout-d/8j | https://www.woodscrossingslc.com/apply-online | https://www.woodscrossingslc.com/availability | https://www.woodscrossingslc.com/contact | https://www.woodscrossingslc.com/disclosure-fees | https://www.woodscrossingslc.com/floor-plans | https://www.woodscrossingslc.com/frequently-asked-questions | https://www.woodscrossingslc.com/gallery | https://www.woodscrossingslc.com/getdirections | https://www.woodscrossingslc.com/neighborhood | https://www.woodscrossingslc.com/north-salt-lake-ut/amenities | https://www.woodscrossingslc.com/north-salt-lake-ut/neighborhood | https://www.woodscrossingslc.com/pet-friendly | https://www.woodscrossingslc.com/privacy-policy | https://www.woodscrossingslc.com/rental-scams | https://www.woodscrossingslc.com/residents | https://www.woodscrossingslc.com/reviews | https://www.woodscrossingslc.com/schedule-a-tour | https://www.woodscrossingslc.com/terms | https://www.woodscrossingslc.com/terms-of-service | https://www.woodscrossingslc.com/termsofservice | https://www.woodscrossingslc.com/virtual-leasing | https://www.woodscrossingslc.com/virtual-tours,downloaded
image-120,https://assets.marketapts.com/assets/converted/COMMON/assets/imagefroms3/COMMON/images/common/disability.png.30.webp,/assets/source/disability-82c6b1a7.30.webp,disability-82c6b1a7.30.webp,,source,image/webp,https://www.woodscrossingslc.com/ | https://www.woodscrossingslc.com/accessibility-statement | https://www.woodscrossingslc.com/amenities | https://www.woodscrossingslc.com/apartment-search | https://www.woodscrossingslc.com/apartments/layout-a | https://www.woodscrossingslc.com/apartments/layout-b | https://www.woodscrossingslc.com/apartments/layout-c | https://www.woodscrossingslc.com/apartments/layout-d | https://www.woodscrossingslc.com/apply-now | https://www.woodscrossingslc.com/apply-now/layout-a/6a | https://www.woodscrossingslc.com/apply-now/layout-a/7e | https://www.woodscrossingslc.com/apply-now/layout-b/1d | https://www.woodscrossingslc.com/apply-now/layout-b/8f | https://www.woodscrossingslc.com/apply-now/layout-c/1g | https://www.woodscrossingslc.com/apply-now/layout-d/1h | https://www.woodscrossingslc.com/apply-now/layout-d/8j | https://www.woodscrossingslc.com/apply-online | https://www.woodscrossingslc.com/availability | https://www.woodscrossingslc.com/contact | https://www.woodscrossingslc.com/disclosure-fees | https://www.woodscrossingslc.com/floor-plans | https://www.woodscrossingslc.com/frequently-asked-questions | https://www.woodscrossingslc.com/gallery | https://www.woodscrossingslc.com/getdirections | https://www.woodscrossingslc.com/neighborhood | https://www.woodscrossingslc.com/north-salt-lake-ut/amenities | https://www.woodscrossingslc.com/north-salt-lake-ut/neighborhood | https://www.woodscrossingslc.com/pet-friendly | https://www.woodscrossingslc.com/privacy-policy | https://www.woodscrossingslc.com/rental-scams | https://www.woodscrossingslc.com/residents | https://www.woodscrossingslc.com/reviews | https://www.woodscrossingslc.com/schedule-a-tour | https://www.woodscrossingslc.com/terms | https://www.woodscrossingslc.com/terms-of-service | https://www.woodscrossingslc.com/termsofservice | https://www.woodscrossingslc.com/virtual-leasing | https://www.woodscrossingslc.com/virtual-tours,downloaded
image-121,https://assets.marketapts.com/assets/converted/COMMON/assets/imagefroms3/COMMON/images/common/fair-housing.png.30.png,/assets/source/equal-housing-woods-crossing-apartments-da232517.png,equal-housing-woods-crossing-apartments-da232517.png,Equal Housing Woods Crossing Apartments,img,image/png,https://www.woodscrossingslc.com/ | https://www.woodscrossingslc.com/accessibility-statement | https://www.woodscrossingslc.com/amenities | https://www.woodscrossingslc.com/apartment-search | https://www.woodscrossingslc.com/apartments/layout-a | https://www.woodscrossingslc.com/apartments/layout-b | https://www.woodscrossingslc.com/apartments/layout-c | https://www.woodscrossingslc.com/apartments/layout-d | https://www.woodscrossingslc.com/apply-now | https://www.woodscrossingslc.com/apply-now/layout-a/6a | https://www.woodscrossingslc.com/apply-now/layout-a/7e | https://www.woodscrossingslc.com/apply-now/layout-b/1d | https://www.woodscrossingslc.com/apply-now/layout-b/8f | https://www.woodscrossingslc.com/apply-now/layout-c/1g | https://www.woodscrossingslc.com/apply-now/layout-d/1h | https://www.woodscrossingslc.com/apply-now/layout-d/8j | https://www.woodscrossingslc.com/apply-online | https://www.woodscrossingslc.com/availability | https://www.woodscrossingslc.com/contact | https://www.woodscrossingslc.com/disclosure-fees | https://www.woodscrossingslc.com/floor-plans | https://www.woodscrossingslc.com/frequently-asked-questions | https://www.woodscrossingslc.com/gallery | https://www.woodscrossingslc.com/getdirections | https://www.woodscrossingslc.com/neighborhood | https://www.woodscrossingslc.com/north-salt-lake-ut/amenities | https://www.woodscrossingslc.com/north-salt-lake-ut/neighborhood | https://www.woodscrossingslc.com/pet-friendly | https://www.woodscrossingslc.com/privacy-policy | https://www.woodscrossingslc.com/rental-scams | https://www.woodscrossingslc.com/residents | https://www.woodscrossingslc.com/reviews | https://www.woodscrossingslc.com/schedule-a-tour | https://www.woodscrossingslc.com/terms | https://www.woodscrossingslc.com/terms-of-service | https://www.woodscrossingslc.com/termsofservice | https://www.woodscrossingslc.com/virtual-leasing | https://www.woodscrossingslc.com/virtual-tours,downloaded
image-122,https://assets.marketapts.com/assets/converted/COMMON/assets/imagefroms3/COMMON/images/common/fair-housing.png.30.webp,/assets/source/fair-housing-3418ef1b.30.webp,fair-housing-3418ef1b.30.webp,,source,image/webp,https://www.woodscrossingslc.com/ | https://www.woodscrossingslc.com/accessibility-statement | https://www.woodscrossingslc.com/amenities | https://www.woodscrossingslc.com/apartment-search | https://www.woodscrossingslc.com/apartments/layout-a | https://www.woodscrossingslc.com/apartments/layout-b | https://www.woodscrossingslc.com/apartments/layout-c | https://www.woodscrossingslc.com/apartments/layout-d | https://www.woodscrossingslc.com/apply-now | https://www.woodscrossingslc.com/apply-now/layout-a/6a | https://www.woodscrossingslc.com/apply-now/layout-a/7e | https://www.woodscrossingslc.com/apply-now/layout-b/1d | https://www.woodscrossingslc.com/apply-now/layout-b/8f | https://www.woodscrossingslc.com/apply-now/layout-c/1g | https://www.woodscrossingslc.com/apply-now/layout-d/1h | https://www.woodscrossingslc.com/apply-now/layout-d/8j | https://www.woodscrossingslc.com/apply-online | https://www.woodscrossingslc.com/availability | https://www.woodscrossingslc.com/contact | https://www.woodscrossingslc.com/disclosure-fees | https://www.woodscrossingslc.com/floor-plans | https://www.woodscrossingslc.com/frequently-asked-questions | https://www.woodscrossingslc.com/gallery | https://www.woodscrossingslc.com/getdirections | https://www.woodscrossingslc.com/neighborhood | https://www.woodscrossingslc.com/north-salt-lake-ut/amenities | https://www.woodscrossingslc.com/north-salt-lake-ut/neighborhood | https://www.woodscrossingslc.com/pet-friendly | https://www.woodscrossingslc.com/privacy-policy | https://www.woodscrossingslc.com/rental-scams | https://www.woodscrossingslc.com/residents | https://www.woodscrossingslc.com/reviews | https://www.woodscrossingslc.com/schedule-a-tour | https://www.woodscrossingslc.com/terms | https://www.woodscrossingslc.com/terms-of-service | https://www.woodscrossingslc.com/termsofservice | https://www.woodscrossingslc.com/virtual-leasing | https://www.woodscrossingslc.com/virtual-tours,downloaded
image-123,https://assets.marketapts.com/assets/converted/COMMON/assets/imagefroms3/COMMON/images/common/pet-friendly.png.30.png,/assets/source/pet-friendly-apartments-in-north-salt-lake-691e29b9.png,pet-friendly-apartments-in-north-salt-lake-691e29b9.png,Pet Friendly Apartments in North Salt Lake,img,image/png,https://www.woodscrossingslc.com/ | https://www.woodscrossingslc.com/accessibility-statement | https://www.woodscrossingslc.com/amenities | https://www.woodscrossingslc.com/apartment-search | https://www.woodscrossingslc.com/apartments/layout-a | https://www.woodscrossingslc.com/apartments/layout-b | https://www.woodscrossingslc.com/apartments/layout-c | https://www.woodscrossingslc.com/apartments/layout-d | https://www.woodscrossingslc.com/apply-now | https://www.woodscrossingslc.com/apply-now/layout-a/6a | https://www.woodscrossingslc.com/apply-now/layout-a/7e | https://www.woodscrossingslc.com/apply-now/layout-b/1d | https://www.woodscrossingslc.com/apply-now/layout-b/8f | https://www.woodscrossingslc.com/apply-now/layout-c/1g | https://www.woodscrossingslc.com/apply-now/layout-d/1h | https://www.woodscrossingslc.com/apply-now/layout-d/8j | https://www.woodscrossingslc.com/apply-online | https://www.woodscrossingslc.com/availability | https://www.woodscrossingslc.com/contact | https://www.woodscrossingslc.com/disclosure-fees | https://www.woodscrossingslc.com/floor-plans | https://www.woodscrossingslc.com/frequently-asked-questions | https://www.woodscrossingslc.com/gallery | https://www.woodscrossingslc.com/getdirections | https://www.woodscrossingslc.com/neighborhood | https://www.woodscrossingslc.com/north-salt-lake-ut/amenities | https://www.woodscrossingslc.com/north-salt-lake-ut/neighborhood | https://www.woodscrossingslc.com/pet-friendly | https://www.woodscrossingslc.com/privacy-policy | https://www.woodscrossingslc.com/rental-scams | https://www.woodscrossingslc.com/residents | https://www.woodscrossingslc.com/reviews | https://www.woodscrossingslc.com/schedule-a-tour | https://www.woodscrossingslc.com/terms | https://www.woodscrossingslc.com/terms-of-service | https://www.woodscrossingslc.com/termsofservice | https://www.woodscrossingslc.com/virtual-leasing | https://www.woodscrossingslc.com/virtual-tours,downloaded
image-124,https://assets.marketapts.com/assets/converted/COMMON/assets/imagefroms3/COMMON/images/common/pet-friendly.png.30.webp,/assets/source/pet-friendly-99412b23.30.webp,pet-friendly-99412b23.30.webp,,source,image/webp,https://www.woodscrossingslc.com/ | https://www.woodscrossingslc.com/accessibility-statement | https://www.woodscrossingslc.com/amenities | https://www.woodscrossingslc.com/apartment-search | https://www.woodscrossingslc.com/apartments/layout-a | https://www.woodscrossingslc.com/apartments/layout-b | https://www.woodscrossingslc.com/apartments/layout-c | https://www.woodscrossingslc.com/apartments/layout-d | https://www.woodscrossingslc.com/apply-now | https://www.woodscrossingslc.com/apply-now/layout-a/6a | https://www.woodscrossingslc.com/apply-now/layout-a/7e | https://www.woodscrossingslc.com/apply-now/layout-b/1d | https://www.woodscrossingslc.com/apply-now/layout-b/8f | https://www.woodscrossingslc.com/apply-now/layout-c/1g | https://www.woodscrossingslc.com/apply-now/layout-d/1h | https://www.woodscrossingslc.com/apply-now/layout-d/8j | https://www.woodscrossingslc.com/apply-online | https://www.woodscrossingslc.com/availability | https://www.woodscrossingslc.com/contact | https://www.woodscrossingslc.com/disclosure-fees | https://www.woodscrossingslc.com/floor-plans | https://www.woodscrossingslc.com/frequently-asked-questions | https://www.woodscrossingslc.com/gallery | https://www.woodscrossingslc.com/getdirections | https://www.woodscrossingslc.com/neighborhood | https://www.woodscrossingslc.com/north-salt-lake-ut/amenities | https://www.woodscrossingslc.com/north-salt-lake-ut/neighborhood | https://www.woodscrossingslc.com/pet-friendly | https://www.woodscrossingslc.com/privacy-policy | https://www.woodscrossingslc.com/rental-scams | https://www.woodscrossingslc.com/residents | https://www.woodscrossingslc.com/reviews | https://www.woodscrossingslc.com/schedule-a-tour | https://www.woodscrossingslc.com/terms | https://www.woodscrossingslc.com/terms-of-service | https://www.woodscrossingslc.com/termsofservice | https://www.woodscrossingslc.com/virtual-leasing | https://www.woodscrossingslc.com/virtual-tours,downloaded
image-125,https://assets.marketapts.com/assets/converted/COMMON/assets/imagefroms3/COMMON/images/common/virtual-leasing1.png.png,/assets/source/virtual-leasing-step-1-ee8aae2c.png,virtual-leasing-step-1-ee8aae2c.png,Virtual Leasing Step 1,img,image/png,https://www.woodscrossingslc.com/virtual-leasing,downloaded
image-126,https://assets.marketapts.com/assets/converted/COMMON/assets/imagefroms3/COMMON/images/common/virtual-leasing2.png.png,/assets/source/virtual-leasing-step-2-21e8b45e.png,virtual-leasing-step-2-21e8b45e.png,Virtual Leasing Step 2,img,image/png,https://www.woodscrossingslc.com/virtual-leasing,downloaded
image-127,https://assets.marketapts.com/assets/converted/COMMON/assets/imagefroms3/COMMON/images/common/virtual-leasing3.png.png,/assets/source/virtual-leasing-step-3-e8dd993f.png,virtual-leasing-step-3-e8dd993f.png,Virtual Leasing Step 3,img,image/png,https://www.woodscrossingslc.com/virtual-leasing,downloaded
image-128,https://assets.marketapts.com/assets/converted/COMMON/assets/imagefroms3/COMMON/images/common/virtual-leasing4.png.png,/assets/source/virtual-leasing-step-4-0f4e6589.png,virtual-leasing-step-4-0f4e6589.png,Virtual Leasing Step 4,img,image/png,https://www.woodscrossingslc.com/virtual-leasing,downloaded
image-129,https://assets.marketapts.com/assets/converted/COMMON/assets/imagefroms3/COMMON/images/common/virtual-leasing5.png.png,/assets/source/virtual-leasing-step-5-06ad0006.png,virtual-leasing-step-5-06ad0006.png,Virtual Leasing Step 5,img,image/png,https://www.woodscrossingslc.com/virtual-leasing,downloaded
