source_url,status,title,h1,canonical,meta_description,heading_count,image_count,text_file,notes
https://www.woodscrossingslc.com/,fetched,Woods Crossing | Apartments near the Mountains,Woods Crossing,https://www.woodscrossingslc.com/,"Centrally located on the bench of the Wasatch Mountains, Woods Crossing is where you want to call home! We offer 1 and 2 Bedroom Apartments in North Salt Lake, just minutes from Downtown Salt Lake City, UT! View Photos, Floorplans, and Availability Online Now!",9,31,content/source/text/index.md,
https://www.woodscrossingslc.com/apartment-search,fetched,"Apartments in North Salt Lake, UT | Apartment Search for Woods Crossing",Apartment Search,https://www.woodscrossingslc.com/apartment-search,"Search through the available apartments at Woods Crossing and find the perfect North Salt Lake, UT apartment for you, then apply online today!",4,9,content/source/text/apartment-search.md,
https://www.woodscrossingslc.com/contact,fetched,"Apartments for Rent in North Salt Lake, UT | Contact Woods Crossing",Contact Us,https://www.woodscrossingslc.com/contact,Interested in learning more about Woods Crossing? Submit the contact form with your questions. Our leasing consultants will contact you soon.,5,9,content/source/text/contact.md,
https://www.woodscrossingslc.com/floor-plans,fetched,"Apartments for Rent in North Salt Lake, UT | Floor Plans at Woods Crossing",Floorplans,https://www.woodscrossingslc.com/floor-plans,"At Woods Crossing Apartments in North Salt Lake, UT, you can choose from our apartment floor plans that are complete with everything you need.",6,17,content/source/text/floor-plans.md,
https://www.woodscrossingslc.com/frequently-asked-questions,fetched,Woods Crossing | Apartments near the Mountains,Woods Crossing,https://www.woodscrossingslc.com/,"Centrally located on the bench of the Wasatch Mountains, Woods Crossing is where you want to call home! We offer 1 and 2 Bedroom Apartments in North Salt Lake, just minutes from Downtown Salt Lake City, UT! View Photos, Floorplans, and Availability Online Now!",9,31,content/source/text/frequently-asked-questions.md,
https://www.woodscrossingslc.com/gallery,fetched,"Apartments for Rent in North Salt Lake, UT | Photos of Woods Crossing",Gallery,https://www.woodscrossingslc.com/gallery,"Take a photo tour through your new North Salt Lake apartment, and then schedule a tour today! See for yourself better living at Woods Crossing.",3,51,content/source/text/gallery.md,
https://www.woodscrossingslc.com/getdirections,fetched,"Apartments for Rent in North Salt Lake, UT | Directions to Woods Crossing",Get Directions,https://www.woodscrossingslc.com/getdirections,Stop by and visit Woods Crossing today! Just type in your location and follow the directions to your future North Salt Lake apartment community.,3,9,content/source/text/getdirections.md,
https://www.woodscrossingslc.com/north-salt-lake-ut/amenities,fetched,"Apartments for Rent in North Salt Lake, UT | Amenities at Woods Crossing",Amenities,https://www.woodscrossingslc.com/north-salt-lake-ut/amenities,"Our North Salt Lake, UT apartments are outfitted with a variety of features. Check out the amenities that will be available to you at Woods Crossing.",6,21,content/source/text/north-salt-lake-ut__amenities.md,
https://www.woodscrossingslc.com/north-salt-lake-ut/neighborhood,fetched,"Apartments for Rent in North Salt Lake, UT | Neighborhood of Woods Crossing",Neighborhood,https://www.woodscrossingslc.com/north-salt-lake-ut/neighborhood,"Experience the best North Salt Lake, UT has to offer. Come home to Woods Crossing Apartments and come home to better living. Contact us today!",4,12,content/source/text/north-salt-lake-ut__neighborhood.md,
https://www.woodscrossingslc.com/pet-friendly,fetched,"Apartments for Rent in North Salt Lake, UT | Pet Policy at Woods Crossing",Pet Friendly,https://www.woodscrossingslc.com/pet-friendly,"Woods Crossing is not just a pet-friendly property, but a pet-enthusiastic property. Your pets will find just as inviting a home here as you will.",3,17,content/source/text/pet-friendly.md,
https://www.woodscrossingslc.com/reviews,fetched,"Apartments for Rent in North Salt Lake, UT | Reviews of Woods Crossing",Reviews,https://www.woodscrossingslc.com/reviews,"See what people are saying about Woods Crossing! We value our residents' voices, and can’t wait for you to see our North Salt Lake apartments.",4,11,content/source/text/reviews.md,
https://www.woodscrossingslc.com/schedule-a-tour,fetched,"Apartments in North Salt Lake, UT | Schedule a Tour of Woods Crossing",Schedule a Tour,https://www.woodscrossingslc.com/schedule-a-tour,Call or email us to schedule a tour of Woods Crossing today. Come see your new North Salt Lake apartment and the community features in person.,7,9,content/source/text/schedule-a-tour.md,
https://www.woodscrossingslc.com/virtual-leasing,fetched,"Apartments in North Salt Lake, UT | Virtual Leasing at Woods Crossing",Virtual Leasing,https://www.woodscrossingslc.com/virtual-leasing,"Woods Crossing Apartments in North Salt Lake, UT offers virtual leasing, which lets you find a floor plan, apply, and sign a lease securely online.",7,14,content/source/text/virtual-leasing.md,
https://www.woodscrossingslc.com/virtual-tours,fetched,Woods Crossing | Apartments near the Mountains,Woods Crossing,https://www.woodscrossingslc.com/,"Centrally located on the bench of the Wasatch Mountains, Woods Crossing is where you want to call home! We offer 1 and 2 Bedroom Apartments in North Salt Lake, just minutes from Downtown Salt Lake City, UT! View Photos, Floorplans, and Availability Online Now!",9,31,content/source/text/virtual-tours.md,
https://www.woodscrossingslc.com/privacy-policy,fetched,"Apartments in North Salt Lake, UT | Privacy Policy for Woods Crossing",Privacy Policy,https://www.woodscrossingslc.com/privacy-policy,"This is the privacy policy statement for Woods Crossing Apartments in North Salt Lake, UT. Please contact us with any questions you may have.",3,9,content/source/text/privacy-policy.md,
https://www.woodscrossingslc.com/terms,fetched,,,https://www.woodscrossingslc.com/terms,,2,9,content/source/text/terms.md,
https://www.woodscrossingslc.com/terms-of-service,fetched,"Apartments for Rent in North Salt Lake, UT | Terms for Woods Crossing",Terms of Service,https://www.woodscrossingslc.com/terms-of-service,"By accessing the website for Woods Crossing, you agree to be bound by the website Terms and Conditions of Use, all applicable laws, and regulations.",3,9,content/source/text/terms-of-service.md,
https://www.woodscrossingslc.com/termsofservice,fetched,,,https://www.woodscrossingslc.com/termsofservice,,2,9,content/source/text/termsofservice.md,
https://www.woodscrossingslc.com/rental-scams,fetched,Explore our comprehensive guide to help you spot and avoid rental fraud effectively,Avoid Rental Scams,,"By following these tips, you can protect yourself from rental scams and find a secure, enjoyable place to call home. Educating yourself about potential fraud tactics and staying vigilant are essential for a smooth and stress-free renting experience.",10,9,content/source/text/rental-scams.md,
https://www.woodscrossingslc.com/disclosure-fees,fetched,Woods Crossing Disclosure Fees,Rental Fees Disclosure,,Woods Crossing Disclosure Fees. List of all disclosure fees.,3,9,content/source/text/disclosure-fees.md,
https://www.woodscrossingslc.com/apply-online,fetched,"Apartments in North Salt Lake, UT | Apply Online for Woods Crossing",Apply Now,https://www.woodscrossingslc.com/apply-online,Apply now to Woods Crossing. Our North Salt Lake apartments provide you with everything that you need to be successful in your daily routine.,7,9,content/source/text/apply-online.md,
https://www.woodscrossingslc.com/residents,fetched,"Apartments in North Salt Lake, UT | Resident Portal for Woods Crossing",Residents,https://www.woodscrossingslc.com/residents,"The resident portal for Woods Crossing in North Salt Lake, UT makes it easy for you to request maintenance service and pay your rent online.",5,13,content/source/text/residents.md,
https://www.woodscrossingslc.com/accessibility-statement,fetched,"North Salt Lake, UT Apartments | Accessibility Statement for Woods Crossing",Accessiblitity Statement,https://www.woodscrossingslc.com/accessibility-statement,"At Woods Crossing, we actively work to increase the accessibility of our website and adhere to many of the available standards and guidelines.",3,9,content/source/text/accessibility-statement.md,
https://www.woodscrossingslc.com/accessible-one-page,fetched,Accessibility Page for Woods Crossing,Welcome to Woods Crossing,,"Apartments located in North Salt Lake, UT. This page is in conformance with WCAG 2.1 Level A and AA.",131,50,content/source/text/accessible-one-page.md,
https://www.woodscrossingslc.com/amenities,fetched,"Apartments for Rent in North Salt Lake, UT | Amenities at Woods Crossing",Amenities,https://www.woodscrossingslc.com/north-salt-lake-ut/amenities,"Our North Salt Lake, UT apartments are outfitted with a variety of features. Check out the amenities that will be available to you at Woods Crossing.",6,21,content/source/text/amenities.md,
https://www.woodscrossingslc.com/apply-now,fetched,"Apartments in North Salt Lake, UT | Apply Online for Woods Crossing",Apply Now,https://www.woodscrossingslc.com/apply-online,Apply now to Woods Crossing. Our North Salt Lake apartments provide you with everything that you need to be successful in your daily routine.,7,9,content/source/text/apply-now.md,
https://www.woodscrossingslc.com/apply-now/layout-a/6a,fetched,Apply now for our LAYOUT A apartment,Apply Now,,"Submit an application for our LAYOUT A apartment and start your life at Woods Crossing in North Salt Lake, UT",3,11,content/source/text/apply-now__layout-a__6a.md,
https://www.woodscrossingslc.com/apply-now/layout-a/7e,fetched,Apply now for our LAYOUT A apartment,Apply Now,,"Submit an application for our LAYOUT A apartment and start your life at Woods Crossing in North Salt Lake, UT",3,11,content/source/text/apply-now__layout-a__7e.md,
https://www.woodscrossingslc.com/apply-now/layout-b/1d,fetched,Apply now for our LAYOUT B apartment,Apply Now,,"Submit an application for our LAYOUT B apartment and start your life at Woods Crossing in North Salt Lake, UT",3,11,content/source/text/apply-now__layout-b__1d.md,
https://www.woodscrossingslc.com/apply-now/layout-b/8f,fetched,Apply now for our LAYOUT B apartment,Apply Now,,"Submit an application for our LAYOUT B apartment and start your life at Woods Crossing in North Salt Lake, UT",3,11,content/source/text/apply-now__layout-b__8f.md,
https://www.woodscrossingslc.com/apply-now/layout-c/1g,fetched,Apply now for our LAYOUT C apartment,Apply Now,,"Submit an application for our LAYOUT C apartment and start your life at Woods Crossing in North Salt Lake, UT",3,11,content/source/text/apply-now__layout-c__1g.md,
https://www.woodscrossingslc.com/apply-now/layout-d/1h,fetched,Apply now for our LAYOUT D apartment,Apply Now,,"Submit an application for our LAYOUT D apartment and start your life at Woods Crossing in North Salt Lake, UT",3,11,content/source/text/apply-now__layout-d__1h.md,
https://www.woodscrossingslc.com/apply-now/layout-d/8j,fetched,Apply now for our LAYOUT D apartment,Apply Now,,"Submit an application for our LAYOUT D apartment and start your life at Woods Crossing in North Salt Lake, UT",3,11,content/source/text/apply-now__layout-d__8j.md,
https://www.woodscrossingslc.com/neighborhood,fetched,"Apartments for Rent in North Salt Lake, UT | Neighborhood of Woods Crossing",Neighborhood,https://www.woodscrossingslc.com/north-salt-lake-ut/neighborhood,"Experience the best North Salt Lake, UT has to offer. Come home to Woods Crossing Apartments and come home to better living. Contact us today!",4,12,content/source/text/neighborhood.md,
https://www.woodscrossingslc.com/apartments/layout-a,fetched,Check out availability for our LAYOUT A apartment,LAYOUT A Floor Plan Pricing & Availability,,Check the availability for our LAYOUT A apartment and apply today!,3,11,content/source/text/apartments__layout-a.md,
https://www.woodscrossingslc.com/apartments/layout-b,fetched,Check out availability for our LAYOUT B apartment,LAYOUT B Floor Plan Pricing & Availability,,Check the availability for our LAYOUT B apartment and apply today!,3,11,content/source/text/apartments__layout-b.md,
https://www.woodscrossingslc.com/apartments/layout-c,fetched,Check out availability for our LAYOUT C apartment,LAYOUT C Floor Plan Pricing & Availability,,Check the availability for our LAYOUT C apartment and apply today!,3,11,content/source/text/apartments__layout-c.md,
https://www.woodscrossingslc.com/apartments/layout-d,fetched,Check out availability for our LAYOUT D apartment,LAYOUT D Floor Plan Pricing & Availability,,Check the availability for our LAYOUT D apartment and apply today!,3,11,content/source/text/apartments__layout-d.md,
https://www.woodscrossingslc.com/availability,fetched,"Apartments in North Salt Lake, UT | Apartment Search for Woods Crossing",Apartment Search,https://www.woodscrossingslc.com/apartment-search,"Search through the available apartments at Woods Crossing and find the perfect North Salt Lake, UT apartment for you, then apply online today!",4,9,content/source/text/availability.md,
