page,path,canonical_url,seo_title,meta_description,target_queries,aeo_answer_summary,indexing
Home,/,https://www.woodscrossingslc.com/,North Salt Lake Apartments | Woods Crossing,"Explore Woods Crossing, a North Salt Lake apartment community with one- and two-bedroom homes, covered parking, a pool, clubhouse, playground, and pet-friendly living.","North Salt Lake apartments; apartments near Bountiful UT; Woods Crossing apartments","Woods Crossing is a pet-friendly apartment community at 850 N. Hwy 89 in North Salt Lake with one- and two-bedroom homes, source-listed rents from $1,199, and amenities including a pool, clubhouse, playground, and covered parking.","index, follow"
Floor Plans,/floor-plans,https://www.woodscrossingslc.com/floor-plans,Floor Plans | Woods Crossing North Salt Lake Apartments,"Compare Woods Crossing one- and two-bedroom floor plans in North Salt Lake, including approximate square footage, deposits, and source-listed starting rents.","Woods Crossing floor plans; one bedroom apartments North Salt Lake; two bedroom apartments North Salt Lake","Woods Crossing lists Layout A as a one-bedroom plan and Layouts B-D as two-bedroom plans, ranging from 684 to 888 approximate square feet.","index, follow"
Apartment Search,/apartment-search,https://www.woodscrossingslc.com/apartment-search,Apartment Search | Woods Crossing Availability,"Review source-listed Woods Crossing apartment availability, unit rents, move-in dates, and layout types from the public apartment search page.","Woods Crossing availability; apartments available North Salt Lake; Woods Crossing rent","As of August 6, 2026, Woods Crossing listed seven available units with rents from $1,199 to $1,449 and move-in dates from today through September 10, 2026.","index, follow"
Gallery,/gallery,https://www.woodscrossingslc.com/gallery,Photo Gallery | Woods Crossing Apartments,"View Woods Crossing apartment, clubhouse, swimming pool, playground, exterior, and neighborhood photos copied from the authorized public source site.","Woods Crossing photos; North Salt Lake apartment gallery; Woods Crossing pool photos","The Woods Crossing gallery includes photos of apartments, clubhouse spaces, pool, playground, exterior, monument sign, and aerial community views.","index, follow"
Amenities,/north-salt-lake-ut/amenities,https://www.woodscrossingslc.com/north-salt-lake-ut/amenities,Amenities | Woods Crossing Apartments North Salt Lake,"See apartment and community amenities at Woods Crossing, including walk-in closets, covered parking, pool, playground, clubhouse, and onsite management.","Woods Crossing amenities; apartments with pool North Salt Lake; covered parking apartments North Salt Lake","Woods Crossing amenities include walk-in closets, dishwashers, reserved covered parking, washer and dryer hookups, swimming pool, playground, clubhouse, guest parking, and onsite management.","index, follow"
Neighborhood,/north-salt-lake-ut/neighborhood,https://www.woodscrossingslc.com/north-salt-lake-ut/neighborhood,Neighborhood | Woods Crossing North Salt Lake,"Explore places near Woods Crossing in North Salt Lake and Bountiful, including restaurants, parks, shopping, Temple Square, and City Creek.","apartments near Bountiful UT; North Salt Lake neighborhood; Woods Crossing location","Woods Crossing is in North Salt Lake near Bountiful, with the source site listing restaurants, parks, shopping, Eaglewood Golf Course, Temple Square, City Creek, and Foxboro North Regional Park.","index, follow"
Pet Friendly,/pet-friendly,https://www.woodscrossingslc.com/pet-friendly,Pet-Friendly Apartments | Woods Crossing,"Review Woods Crossing pet-friendly apartment information, including source-listed dog and cat deposits, pet rent, and policy notes.","pet friendly apartments North Salt Lake; dog friendly apartments Bountiful; Woods Crossing pet policy","Woods Crossing is listed as pet-friendly with dog and cat deposits of $250, dog and cat rent of $45, up to two pets per apartment, and breed restrictions.","index, follow"
Reviews,/reviews,https://www.woodscrossingslc.com/reviews,Reviews | Woods Crossing Apartments,"Read source-listed resident review highlights and current review summary information for Woods Crossing in North Salt Lake.","Woods Crossing reviews; North Salt Lake apartment reviews","The source reviews page displayed a 4.34 rating and 136 reviews on August 6, 2026; verify current reputation data before launch.","index, follow"
Contact,/contact,https://www.woodscrossingslc.com/contact,Contact Woods Crossing | North Salt Lake Apartments,"Contact Woods Crossing Apartments at 850 N. Hwy 89 in North Salt Lake, Utah. Call (801) 896-9844 or use the leasing contact form.","Woods Crossing phone number; Woods Crossing address; contact Woods Crossing","Woods Crossing is located at 850 N. Hwy 89, North Salt Lake, UT 84054 and can be reached at (801) 896-9844.","index, follow"
Schedule a Tour,/schedule-a-tour,https://www.woodscrossingslc.com/schedule-a-tour,Schedule a Tour | Woods Crossing Apartments,"Schedule a tour of Woods Crossing Apartments in North Salt Lake, Utah. All tour requests are pending until confirmed by the leasing team.","schedule Woods Crossing tour; tour apartments North Salt Lake","Renters can request a Woods Crossing tour online or by phone; all tours are pending until confirmed by the leasing team.","index, follow"
Apply Online,/apply-online,https://www.woodscrossingslc.com/apply-online,Apply Online | Woods Crossing Apartments,"Start a Woods Crossing application request and confirm current availability before applying.","apply Woods Crossing; Woods Crossing application; apartments North Salt Lake application","The source application page asks renters to contact Woods Crossing for current availability before applying.","index, follow"
Residents,/residents,https://www.woodscrossingslc.com/residents,Resident Portal | Woods Crossing,"Find Woods Crossing resident portal links for online rent payment, maintenance requests, and resident resources.","Woods Crossing resident portal; Woods Crossing pay rent; Woods Crossing maintenance request","The source site routes rent payments, maintenance requests, and resident suggestions to the Prisma resident portal.","index, follow"
Virtual Leasing,/virtual-leasing,https://www.woodscrossingslc.com/virtual-leasing,Virtual Leasing | Woods Crossing Apartments,"Learn how Woods Crossing supports virtual leasing, online applications, lease signing, and move-in coordination.","Woods Crossing virtual leasing; online apartment leasing North Salt Lake","Woods Crossing virtual leasing includes choosing a floor plan, applying online, scheduling move-in, e-signing the lease, and picking up keys.","index, follow"
Rental Fee Disclosure,/disclosure-fees,https://www.woodscrossingslc.com/disclosure-fees,Rental Fee Disclosure | Woods Crossing,"Rental fee disclosure page for Woods Crossing. The source page used an embedded MarketApts fee guide that needs final confirmation before launch.","Woods Crossing fees; Woods Crossing rental disclosure fees","The source fee-disclosure route used an iframe, and fee values were not present as crawlable text; confirm fees before launch.","index, follow"
Avoid Rental Scams,/rental-scams,https://www.woodscrossingslc.com/rental-scams,Avoid Rental Scams | Woods Crossing,"Read Woods Crossing rental-scam safety guidance, including tips for verifying listings, payments, leases, and official communication channels.","Woods Crossing rental scams; avoid apartment rental fraud; official Woods Crossing listing","The source page warns renters to use official channels, verify listings, avoid suspicious payment requests, sign a written lease, and report suspected fraud.","index, follow"
Accessibility Statement,/accessibility-statement,https://www.woodscrossingslc.com/accessibility-statement,Accessibility Statement | Woods Crossing,"Accessibility statement for Woods Crossing Apartments and website accessibility contact guidance.","Woods Crossing accessibility statement","Woods Crossing states that it works to make its website accessible and asks users with access difficulty to contact the community.","index, follow"
Privacy Policy,/privacy-policy,https://www.woodscrossingslc.com/privacy-policy,Privacy Policy | Woods Crossing,"Privacy policy summary for Woods Crossing, including contact information and source-listed data collection categories.","Woods Crossing privacy policy","The source privacy policy lists contact information, data collection categories, cookie uses, and opt-out guidance; legal review is required before launch.","index, follow"
Terms of Service,/terms-of-service,https://www.woodscrossingslc.com/terms-of-service,Terms of Service | Woods Crossing,"Terms of service summary for Woods Crossing, including source-listed use license, disclaimer, limitations, links, and Utah governing law.","Woods Crossing terms of service","The source terms cover website use, a temporary personal-use license, disclaimers, liability limits, linked sites, revision rights, and Utah governing law.","index, follow"
