"Topic","Question","Answer","Knowledge Slug","Full Answer URL"
"Location & Contact","Where is Exhibit On Superior located?","Exhibit On Superior is located at 165 W Superior St, Chicago, IL 60654 in the River North area.","building-address","https://www.rentatexhibit.com/knowledge/building-address"
"Location & Contact","What is the phone number for Exhibit On Superior?","The phone number is 312-450-0635.","",""
"Location & Contact","What is the email for Exhibit On Superior?","The contact email is exhibit@highlandptrs.com.","",""
"Location & Contact","Who manages Exhibit On Superior?","The community is professionally managed on site; contact the leasing office at exhibit@highlandptrs.com or 312-450-0635.","who-manages-exhibit","https://www.rentatexhibit.com/knowledge/who-manages-exhibit"
"Apartments & Floor Plans","What apartment sizes are available?","The community offers studio, convertible, one, two, and three-bedroom apartment homes from about 448 to 1,528 square feet across floors 2–34.","what-apartment-sizes","https://www.rentatexhibit.com/knowledge/what-apartment-sizes"
"Apartments & Floor Plans","Do apartments have in-unit laundry?","Yes. In-home washer/dryers are a standard apartment feature.","in-unit-laundry","https://www.rentatexhibit.com/knowledge/in-unit-laundry"
"Apartments & Floor Plans","What finishes do apartments have?","Homes feature driftwood plank floors, quartz countertops, tiled backsplashes, stainless-steel appliances, floor-to-ceiling windows, and private balconies in nearly every home.","apartment-finishes","https://www.rentatexhibit.com/knowledge/apartment-finishes"
"Apartments & Floor Plans","What is the largest apartment?","A three-bedroom, three-bath residence of 1,528 square feet on the penthouse-level floors 30–34.","largest-apartment","https://www.rentatexhibit.com/knowledge/largest-apartment"
"Apartments & Floor Plans","Are furnished apartments available?","No. Apartments are offered unfurnished only.","are-apartments-furnished","https://www.rentatexhibit.com/knowledge/are-apartments-furnished"
"Pricing & Fees","How do I check current pricing and availability?","The Available Units page lists every available residence with live rent, photos, and move-in dates synced from the leasing system.","how-much-is-rent","https://www.rentatexhibit.com/knowledge/how-much-is-rent"
"Pricing & Fees","What fees are required in addition to rent?","Each unit’s listing shows its application fee. There is also a $500 non-refundable administration fee per apartment and a monthly Utility & Service Amenity fee of $95–$195 by floor plan. There is no security deposit.","what-fees-in-addition-to-rent","https://www.rentatexhibit.com/knowledge/what-fees-in-addition-to-rent"
"Pricing & Fees","Are utilities included?","The monthly Utility & Service Amenity fee covers water, sewer, trash, heat, A/C, and natural gas for cooking and the dryer; electricity is billed directly by ComEd.","what-utility-fee-covers","https://www.rentatexhibit.com/knowledge/what-utility-fee-covers"
"Pricing & Fees","Does Exhibit offer move-in specials?","Exhibit is not offering move-in concessions at this time — ask the leasing team about future offers.","move-in-specials","https://www.rentatexhibit.com/knowledge/move-in-specials"
"Pricing & Fees","How much is parking?","Garage parking in the attached indoor garage is $335 per month per unreserved space, subject to availability.","how-much-does-parking-cost","https://www.rentatexhibit.com/knowledge/how-much-does-parking-cost"
"Amenities","What amenities does Exhibit On Superior offer?","Amenities include a full-floor amenity deck, fitness center, 75-foot lap pool, outdoor hot tub, sauna, lounges, work and meeting rooms, music studio, dog spa, grilling stations, fire pits, and outdoor areas.","full-amenity-list","https://www.rentatexhibit.com/knowledge/full-amenity-list"
"Amenities","Does Exhibit On Superior have a pool?","Yes — a 75-foot lap pool on the amenity floor, plus an outdoor hot tub and sauna.","is-there-a-pool","https://www.rentatexhibit.com/knowledge/is-there-a-pool"
"Amenities","Is there space to work from home?","Yes. Private work and meeting rooms, a tech lounge with charging stations and kitchen, a library nook, and reading alcoves.","work-from-home-spaces","https://www.rentatexhibit.com/knowledge/work-from-home-spaces"
"Amenities","Does Exhibit have on-site retail?","Yes. On-site retail and wellness options include fitness, food, and spa services.","on-site-retail","https://www.rentatexhibit.com/knowledge/on-site-retail"
"Amenities","Is there a 24-hour concierge?","Yes. The front desk is staffed 24 hours a day, and indoor amenities are open 24/7.","front-desk-hours","https://www.rentatexhibit.com/knowledge/front-desk-hours"
"Pets","Is Exhibit On Superior pet-friendly?","Yes. Cats and dogs are welcome, with a maximum of 2 pets per apartment.","how-many-pets","https://www.rentatexhibit.com/knowledge/how-many-pets"
"Pets","Are there pet amenities?","Yes — a doggie spa and lounge inside the building and a gated outdoor dog walk.","pet-amenities","https://www.rentatexhibit.com/knowledge/pet-amenities"
"Pets","What are the pet fees and breed rules?","One-time non-refundable pet fee: $650 for one dog or $750 for two, $325 for cats. No pet deposit, no monthly pet rent, no weight limits. Breed restrictions apply — see a leasing consultant for details.","what-are-pet-fees","https://www.rentatexhibit.com/knowledge/what-are-pet-fees"
"Neighborhood & Getting Around","What neighborhood is Exhibit On Superior in?","Exhibit On Superior is in River North in Chicago.","what-neighborhood","https://www.rentatexhibit.com/knowledge/what-neighborhood"
"Neighborhood & Getting Around","How close is the CTA?","The Chicago Brown/Purple Line station (Chicago & Franklin) is about two blocks away; the Chicago Red Line station (Chicago & State) is roughly 0.3 miles.","cta-proximity","https://www.rentatexhibit.com/knowledge/cta-proximity"
"Neighborhood & Getting Around","Is Exhibit close to a grocery store?","Yes. Whole Foods (3 W Chicago Ave), Jewel-Osco (550 N State St), and Trader Joe’s (44 E Ontario St) are all within about half a mile.","neighborhood-groceries","https://www.rentatexhibit.com/knowledge/neighborhood-groceries"
"Neighborhood & Getting Around","Is Exhibit walkable to the Loop?","Yes — the Loop is roughly a mile south, about a 20-minute walk or one Brown Line stop.","walk-to-the-loop","https://www.rentatexhibit.com/knowledge/walk-to-the-loop"
"Neighborhood & Getting Around","What is nearby?","Cafes, restaurants, shops, parks, the Chicago River, West Loop, Old Town, and Fulton Market.","whats-near-superior-and-wells","https://www.rentatexhibit.com/knowledge/whats-near-superior-and-wells"
"Touring & Applying","How do I schedule a tour?","Choose the residence you’re interested in on the Available Units page and use its Schedule a Tour button, email exhibit@highlandptrs.com, or call 312-450-0635.","schedule-a-tour","https://www.rentatexhibit.com/knowledge/schedule-a-tour"
"Touring & Applying","Can I tour virtually?","Yes. The Virtual Tour page includes video and Matterport tour embeds for apartment and amenity previews.","virtual-tours","https://www.rentatexhibit.com/knowledge/virtual-tours"
"Touring & Applying","How do I apply?","Open any available residence on the Available Units page and use its Apply Now button — each unit links directly to its own secure online application.","how-do-i-apply","https://www.rentatexhibit.com/knowledge/how-do-i-apply"
"Touring & Applying","What credit score is required and are guarantors accepted?","A minimum credit score of 700 is required, or 600+ with a qualified co-signer. Qualified co-signers are accepted.","credit-score-required","https://www.rentatexhibit.com/knowledge/credit-score-required"
"Touring & Applying","What lease terms are available?","12+ month lease terms are available; short-term leases are offered based on availability. Approval typically takes 1–3 business days.","lease-terms","https://www.rentatexhibit.com/knowledge/lease-terms"
"Residents","Who should residents contact?","Residents can contact Exhibit On Superior at exhibit@highlandptrs.com or 312-450-0635.","who-manages-exhibit","https://www.rentatexhibit.com/knowledge/who-manages-exhibit"
"Residents","Where should residents log in?","Current residents use the resident portal linked from the Residents page for payments and maintenance requests.","resident-portal","https://www.rentatexhibit.com/knowledge/resident-portal"
